2026-05-24 15:56:16 [main] INFO  o.s.t.c.s.AnnotationConfigContextLoaderUtils - Could not detect default configuration classes for test class [com.tanuj.Spring.Boot.ApplicationTests]: ApplicationTests does not declare any static, non-private, non-final, nested classes annotated with @Configuration.
2026-05-24 15:56:16 [main] INFO  o.s.b.t.c.SpringBootTestContextBootstrapper - Found @SpringBootConfiguration com.tanuj.Spring.Boot.Application for test class com.tanuj.Spring.Boot.ApplicationTests
2026-05-24 15:56:17 [main] INFO  c.tanuj.Spring.Boot.ApplicationTests - Starting ApplicationTests using Java 21.0.11 with PID 12580 (started by tanuj in D:\Tanuj\Spring Boot\Spring-Boot)
2026-05-24 15:56:17 [main] INFO  c.tanuj.Spring.Boot.ApplicationTests - The following 1 profile is active: "dev"
2026-05-24 15:56:17 [main] INFO  o.s.d.r.c.RepositoryConfigurationDelegate - Bootstrapping Spring Data MongoDB repositories in DEFAULT mode.
2026-05-24 15:56:17 [main] INFO  o.s.d.r.c.RepositoryConfigurationDelegate - Finished Spring Data repository scanning in 31 ms. Found 2 MongoDB repository interfaces.
2026-05-24 15:56:18 [main] INFO  org.mongodb.driver.client - MongoClient with metadata {"driver": {"name": "mongo-java-driver|sync|spring-boot", "version": "4.11.2"}, "os": {"type": "Windows", "name": "Windows 11", "architecture": "amd64", "version": "10.0"}, "platform": "Java/Eclipse Adoptium/21.0.11+10-LTS"} created with settings MongoClientSettings{readPreference=primary, writeConcern=WriteConcern{w=majority, wTimeout=null ms, journal=null}, retryWrites=true, retryReads=true, readConcern=ReadConcern{level=null}, credential=MongoCredential{mechanism=null, userName='tanujpratapsingh08_db_user', source='admin', password=<hidden>, mechanismProperties=<hidden>}, transportSettings=null, streamFactoryFactory=null, commandListeners=[], codecRegistry=ProvidersCodecRegistry{codecProviders=[ValueCodecProvider{}, BsonValueCodecProvider{}, DBRefCodecProvider{}, DBObjectCodecProvider{}, DocumentCodecProvider{}, CollectionCodecProvider{}, IterableCodecProvider{}, MapCodecProvider{}, GeoJsonCodecProvider{}, GridFSFileCodecProvider{}, Jsr310CodecProvider{}, JsonObjectCodecProvider{}, BsonCodecProvider{}, EnumCodecProvider{}, com.mongodb.client.model.mql.ExpressionCodecProvider@668cc9a2, com.mongodb.Jep395RecordCodecProvider@5aa62ee7, com.mongodb.KotlinCodecProvider@1f7cec93]}, loggerSettings=LoggerSettings{maxDocumentLength=1000}, clusterSettings={hosts=[127.0.0.1:27017], srvHost=cluster0.7zsqiuv.mongodb.net, srvServiceName=mongodb, mode=MULTIPLE, requiredClusterType=REPLICA_SET, requiredReplicaSetName='atlas-bc7sz8-shard-0', serverSelector='null', clusterListeners='[]', serverSelectionTimeout='30000 ms', localThreshold='15 ms'}, socketSettings=SocketSettings{connectTimeoutMS=10000, readTimeoutMS=0, receiveBufferSize=0, proxySettings=ProxySettings{host=null, port=null, username=null, password=null}}, heartbeatSocketSettings=SocketSettings{connectTimeoutMS=10000, readTimeoutMS=10000, receiveBufferSize=0, proxySettings=ProxySettings{host=null, port=null, username=null, password=null}}, connectionPoolSettings=ConnectionPoolSettings{maxSize=100, minSize=0, maxWaitTimeMS=120000, maxConnectionLifeTimeMS=0, maxConnectionIdleTimeMS=0, maintenanceInitialDelayMS=0, maintenanceFrequencyMS=60000, connectionPoolListeners=[], maxConnecting=2}, serverSettings=ServerSettings{heartbeatFrequencyMS=10000, minHeartbeatFrequencyMS=500, serverListeners='[]', serverMonitorListeners='[]'}, sslSettings=SslSettings{enabled=true, invalidHostNameAllowed=false, context=null}, applicationName='null', compressorList=[], uuidRepresentation=JAVA_LEGACY, serverApi=null, autoEncryptionSettings=null, dnsClient=null, inetAddressResolver=null, contextProvider=null}
2026-05-24 15:56:18 [cluster-ClusterId{value='6a12d24a99746c7470314701', description='null'}-srv-cluster0.7zsqiuv.mongodb.net] INFO  org.mongodb.driver.cluster - Adding discovered server ac-ipildno-shard-00-01.7zsqiuv.mongodb.net:27017 to client view of cluster
2026-05-24 15:56:18 [cluster-ClusterId{value='6a12d24a99746c7470314701', description='null'}-srv-cluster0.7zsqiuv.mongodb.net] INFO  org.mongodb.driver.cluster - Adding discovered server ac-ipildno-shard-00-00.7zsqiuv.mongodb.net:27017 to client view of cluster
2026-05-24 15:56:18 [cluster-ClusterId{value='6a12d24a99746c7470314701', description='null'}-srv-cluster0.7zsqiuv.mongodb.net] INFO  org.mongodb.driver.cluster - Adding discovered server ac-ipildno-shard-00-02.7zsqiuv.mongodb.net:27017 to client view of cluster
2026-05-24 15:56:18 [main] INFO  org.mongodb.driver.cluster - No server chosen by WritableServerSelector from cluster description ClusterDescription{type=REPLICA_SET, connectionMode=MULTIPLE, serverDescriptions=[ServerDescription{address=ac-ipildno-shard-00-02.7zsqiuv.mongodb.net:27017, type=UNKNOWN, state=CONNECTING}, ServerDescription{address=ac-ipildno-shard-00-00.7zsqiuv.mongodb.net:27017, type=UNKNOWN, state=CONNECTING}, ServerDescription{address=ac-ipildno-shard-00-01.7zsqiuv.mongodb.net:27017, type=UNKNOWN, state=CONNECTING}]}. Waiting for 30000 ms before timing out
2026-05-24 15:56:18 [cluster-ClusterId{value='6a12d24a99746c7470314701', description='null'}-ac-ipildno-shard-00-00.7zsqiuv.mongodb.net:27017] INFO  org.mongodb.driver.cluster - Exception in monitor thread while connecting to server ac-ipildno-shard-00-00.7zsqiuv.mongodb.net:27017
com.mongodb.MongoSocketWriteException: Exception sending message
	at com.mongodb.internal.connection.InternalStreamConnection.translateWriteException(InternalStreamConnection.java:714)
	at com.mongodb.internal.connection.InternalStreamConnection.sendMessage(InternalStreamConnection.java:587)
	at com.mongodb.internal.connection.InternalStreamConnection.sendCommandMessage(InternalStreamConnection.java:419)
	at com.mongodb.internal.connection.InternalStreamConnection.sendAndReceive(InternalStreamConnection.java:364)
	at com.mongodb.internal.connection.CommandHelper.sendAndReceive(CommandHelper.java:92)
	at com.mongodb.internal.connection.CommandHelper.executeCommand(CommandHelper.java:48)
	at com.mongodb.internal.connection.InternalStreamConnectionInitializer.initializeConnectionDescription(InternalStreamConnectionInitializer.java:130)
	at com.mongodb.internal.connection.InternalStreamConnectionInitializer.startHandshake(InternalStreamConnectionInitializer.java:78)
	at com.mongodb.internal.connection.InternalStreamConnection.open(InternalStreamConnection.java:213)
	at com.mongodb.internal.connection.DefaultServerMonitor$ServerMonitorRunnable.lookupServerDescription(DefaultServerMonitor.java:193)
	at com.mongodb.internal.connection.DefaultServerMonitor$ServerMonitorRunnable.run(DefaultServerMonitor.java:153)
	at java.base/java.lang.Thread.run(Thread.java:1583)
Caused by: javax.net.ssl.SSLException: (internal_error) Received fatal alert: internal_error
	at java.base/sun.security.ssl.Alert.createSSLException(Alert.java:132)
	at java.base/sun.security.ssl.Alert.createSSLException(Alert.java:117)
	at java.base/sun.security.ssl.TransportContext.fatal(TransportContext.java:370)
	at java.base/sun.security.ssl.Alert$AlertConsumer.consume(Alert.java:287)
	at java.base/sun.security.ssl.TransportContext.dispatch(TransportContext.java:209)
	at java.base/sun.security.ssl.SSLTransport.decode(SSLTransport.java:172)
	at java.base/sun.security.ssl.SSLSocketImpl.decode(SSLSocketImpl.java:1505)
	at java.base/sun.security.ssl.SSLSocketImpl.readHandshakeRecord(SSLSocketImpl.java:1420)
	at java.base/sun.security.ssl.SSLSocketImpl.startHandshake(SSLSocketImpl.java:455)
	at java.base/sun.security.ssl.SSLSocketImpl.ensureNegotiated(SSLSocketImpl.java:922)
	at java.base/sun.security.ssl.SSLSocketImpl$AppOutputStream.write(SSLSocketImpl.java:1291)
	at com.mongodb.internal.connection.SocketStream.write(SocketStream.java:164)
	at com.mongodb.internal.connection.InternalStreamConnection.sendMessage(InternalStreamConnection.java:584)
	... 10 common frames omitted
2026-05-24 15:56:18 [cluster-ClusterId{value='6a12d24a99746c7470314701', description='null'}-ac-ipildno-shard-00-02.7zsqiuv.mongodb.net:27017] INFO  org.mongodb.driver.cluster - Exception in monitor thread while connecting to server ac-ipildno-shard-00-02.7zsqiuv.mongodb.net:27017
com.mongodb.MongoSocketWriteException: Exception sending message
	at com.mongodb.internal.connection.InternalStreamConnection.translateWriteException(InternalStreamConnection.java:714)
	at com.mongodb.internal.connection.InternalStreamConnection.sendMessage(InternalStreamConnection.java:587)
	at com.mongodb.internal.connection.InternalStreamConnection.sendCommandMessage(InternalStreamConnection.java:419)
	at com.mongodb.internal.connection.InternalStreamConnection.sendAndReceive(InternalStreamConnection.java:364)
	at com.mongodb.internal.connection.CommandHelper.sendAndReceive(CommandHelper.java:92)
	at com.mongodb.internal.connection.CommandHelper.executeCommand(CommandHelper.java:48)
	at com.mongodb.internal.connection.InternalStreamConnectionInitializer.initializeConnectionDescription(InternalStreamConnectionInitializer.java:130)
	at com.mongodb.internal.connection.InternalStreamConnectionInitializer.startHandshake(InternalStreamConnectionInitializer.java:78)
	at com.mongodb.internal.connection.InternalStreamConnection.open(InternalStreamConnection.java:213)
	at com.mongodb.internal.connection.DefaultServerMonitor$ServerMonitorRunnable.lookupServerDescription(DefaultServerMonitor.java:193)
	at com.mongodb.internal.connection.DefaultServerMonitor$ServerMonitorRunnable.run(DefaultServerMonitor.java:153)
	at java.base/java.lang.Thread.run(Thread.java:1583)
Caused by: javax.net.ssl.SSLException: (internal_error) Received fatal alert: internal_error
	at java.base/sun.security.ssl.Alert.createSSLException(Alert.java:132)
	at java.base/sun.security.ssl.Alert.createSSLException(Alert.java:117)
	at java.base/sun.security.ssl.TransportContext.fatal(TransportContext.java:370)
	at java.base/sun.security.ssl.Alert$AlertConsumer.consume(Alert.java:287)
	at java.base/sun.security.ssl.TransportContext.dispatch(TransportContext.java:209)
	at java.base/sun.security.ssl.SSLTransport.decode(SSLTransport.java:172)
	at java.base/sun.security.ssl.SSLSocketImpl.decode(SSLSocketImpl.java:1505)
	at java.base/sun.security.ssl.SSLSocketImpl.readHandshakeRecord(SSLSocketImpl.java:1420)
	at java.base/sun.security.ssl.SSLSocketImpl.startHandshake(SSLSocketImpl.java:455)
	at java.base/sun.security.ssl.SSLSocketImpl.ensureNegotiated(SSLSocketImpl.java:922)
	at java.base/sun.security.ssl.SSLSocketImpl$AppOutputStream.write(SSLSocketImpl.java:1291)
	at com.mongodb.internal.connection.SocketStream.write(SocketStream.java:164)
	at com.mongodb.internal.connection.InternalStreamConnection.sendMessage(InternalStreamConnection.java:584)
	... 10 common frames omitted
2026-05-24 15:56:18 [cluster-ClusterId{value='6a12d24a99746c7470314701', description='null'}-ac-ipildno-shard-00-01.7zsqiuv.mongodb.net:27017] INFO  org.mongodb.driver.cluster - Exception in monitor thread while connecting to server ac-ipildno-shard-00-01.7zsqiuv.mongodb.net:27017
com.mongodb.MongoSocketWriteException: Exception sending message
	at com.mongodb.internal.connection.InternalStreamConnection.translateWriteException(InternalStreamConnection.java:714)
	at com.mongodb.internal.connection.InternalStreamConnection.sendMessage(InternalStreamConnection.java:587)
	at com.mongodb.internal.connection.InternalStreamConnection.sendCommandMessage(InternalStreamConnection.java:419)
	at com.mongodb.internal.connection.InternalStreamConnection.sendAndReceive(InternalStreamConnection.java:364)
	at com.mongodb.internal.connection.CommandHelper.sendAndReceive(CommandHelper.java:92)
	at com.mongodb.internal.connection.CommandHelper.executeCommand(CommandHelper.java:48)
	at com.mongodb.internal.connection.InternalStreamConnectionInitializer.initializeConnectionDescription(InternalStreamConnectionInitializer.java:130)
	at com.mongodb.internal.connection.InternalStreamConnectionInitializer.startHandshake(InternalStreamConnectionInitializer.java:78)
	at com.mongodb.internal.connection.InternalStreamConnection.open(InternalStreamConnection.java:213)
	at com.mongodb.internal.connection.DefaultServerMonitor$ServerMonitorRunnable.lookupServerDescription(DefaultServerMonitor.java:193)
	at com.mongodb.internal.connection.DefaultServerMonitor$ServerMonitorRunnable.run(DefaultServerMonitor.java:153)
	at java.base/java.lang.Thread.run(Thread.java:1583)
Caused by: javax.net.ssl.SSLException: (internal_error) Received fatal alert: internal_error
	at java.base/sun.security.ssl.Alert.createSSLException(Alert.java:132)
	at java.base/sun.security.ssl.Alert.createSSLException(Alert.java:117)
	at java.base/sun.security.ssl.TransportContext.fatal(TransportContext.java:370)
	at java.base/sun.security.ssl.Alert$AlertConsumer.consume(Alert.java:287)
	at java.base/sun.security.ssl.TransportContext.dispatch(TransportContext.java:209)
	at java.base/sun.security.ssl.SSLTransport.decode(SSLTransport.java:172)
	at java.base/sun.security.ssl.SSLSocketImpl.decode(SSLSocketImpl.java:1505)
	at java.base/sun.security.ssl.SSLSocketImpl.readHandshakeRecord(SSLSocketImpl.java:1420)
	at java.base/sun.security.ssl.SSLSocketImpl.startHandshake(SSLSocketImpl.java:455)
	at java.base/sun.security.ssl.SSLSocketImpl.ensureNegotiated(SSLSocketImpl.java:922)
	at java.base/sun.security.ssl.SSLSocketImpl$AppOutputStream.write(SSLSocketImpl.java:1291)
	at com.mongodb.internal.connection.SocketStream.write(SocketStream.java:164)
	at com.mongodb.internal.connection.InternalStreamConnection.sendMessage(InternalStreamConnection.java:584)
	... 10 common frames omitted
2026-05-24 15:56:48 [main] WARN  o.s.w.c.s.GenericWebApplicationContext - Exception encountered during context initialization - cancelling refresh attempt: org.springframework.beans.factory.UnsatisfiedDependencyException: Error creating bean with name 'springSecurity': Unsatisfied dependency expressed through field 'userDetailServiceImplementation': Error creating bean with name 'userDetailServiceImplementation': Unsatisfied dependency expressed through field 'userRepository': Error creating bean with name 'userRepository' defined in com.tanuj.Spring.Boot.repository.UserRepository defined in @EnableMongoRepositories declared on MongoRepositoriesRegistrar.EnableMongoRepositoriesConfiguration: Cannot resolve reference to bean 'mongoTemplate' while setting bean property 'mongoOperations'
2026-05-24 15:56:48 [main] INFO  o.s.b.a.l.ConditionEvaluationReportLogger - 

Error starting ApplicationContext. To display the condition evaluation report re-run your application with 'debug' enabled.
2026-05-24 15:56:48 [main] ERROR o.s.boot.SpringApplication - Application run failed
org.springframework.beans.factory.UnsatisfiedDependencyException: Error creating bean with name 'springSecurity': Unsatisfied dependency expressed through field 'userDetailServiceImplementation': Error creating bean with name 'userDetailServiceImplementation': Unsatisfied dependency expressed through field 'userRepository': Error creating bean with name 'userRepository' defined in com.tanuj.Spring.Boot.repository.UserRepository defined in @EnableMongoRepositories declared on MongoRepositoriesRegistrar.EnableMongoRepositoriesConfiguration: Cannot resolve reference to bean 'mongoTemplate' while setting bean property 'mongoOperations'
	at org.springframework.beans.factory.annotation.AutowiredAnnotationBeanPostProcessor$AutowiredFieldElement.resolveFieldValue(AutowiredAnnotationBeanPostProcessor.java:787)
	at org.springframework.beans.factory.annotation.AutowiredAnnotationBeanPostProcessor$AutowiredFieldElement.inject(AutowiredAnnotationBeanPostProcessor.java:767)
	at org.springframework.beans.factory.annotation.InjectionMetadata.inject(InjectionMetadata.java:145)
	at org.springframework.beans.factory.annotation.AutowiredAnnotationBeanPostProcessor.postProcessProperties(AutowiredAnnotationBeanPostProcessor.java:508)
	at org.springframework.beans.factory.support.AbstractAutowireCapableBeanFactory.populateBean(AbstractAutowireCapableBeanFactory.java:1419)
	at org.springframework.beans.factory.support.AbstractAutowireCapableBeanFactory.doCreateBean(AbstractAutowireCapableBeanFactory.java:599)
	at org.springframework.beans.factory.support.AbstractAutowireCapableBeanFactory.createBean(AbstractAutowireCapableBeanFactory.java:522)
	at org.springframework.beans.factory.support.AbstractBeanFactory.lambda$doGetBean$0(AbstractBeanFactory.java:326)
	at org.springframework.beans.factory.support.DefaultSingletonBeanRegistry.getSingleton(DefaultSingletonBeanRegistry.java:234)
	at org.springframework.beans.factory.support.AbstractBeanFactory.doGetBean(AbstractBeanFactory.java:324)
	at org.springframework.beans.factory.support.AbstractBeanFactory.getBean(AbstractBeanFactory.java:200)
	at org.springframework.beans.factory.support.DefaultListableBeanFactory.preInstantiateSingletons(DefaultListableBeanFactory.java:975)
	at org.springframework.context.support.AbstractApplicationContext.finishBeanFactoryInitialization(AbstractApplicationContext.java:962)
	at org.springframework.context.support.AbstractApplicationContext.refresh(AbstractApplicationContext.java:624)
	at org.springframework.boot.SpringApplication.refresh(SpringApplication.java:754)
	at org.springframework.boot.SpringApplication.refreshContext(SpringApplication.java:456)
	at org.springframework.boot.SpringApplication.run(SpringApplication.java:334)
	at org.springframework.boot.test.context.SpringBootContextLoader.lambda$loadContext$3(SpringBootContextLoader.java:137)
	at org.springframework.util.function.ThrowingSupplier.get(ThrowingSupplier.java:58)
	at org.springframework.util.function.ThrowingSupplier.get(ThrowingSupplier.java:46)
	at org.springframework.boot.SpringApplication.withHook(SpringApplication.java:1454)
	at org.springframework.boot.test.context.SpringBootContextLoader$ContextLoaderHook.run(SpringBootContextLoader.java:553)
	at org.springframework.boot.test.context.SpringBootContextLoader.loadContext(SpringBootContextLoader.java:137)
	at org.springframework.boot.test.context.SpringBootContextLoader.loadContext(SpringBootContextLoader.java:108)
	at org.springframework.test.context.cache.DefaultCacheAwareContextLoaderDelegate.loadContextInternal(DefaultCacheAwareContextLoaderDelegate.java:225)
	at org.springframework.test.context.cache.DefaultCacheAwareContextLoaderDelegate.loadContext(DefaultCacheAwareContextLoaderDelegate.java:152)
	at org.springframework.test.context.support.DefaultTestContext.getApplicationContext(DefaultTestContext.java:130)
	at org.springframework.test.context.web.ServletTestExecutionListener.setUpRequestContextIfNecessary(ServletTestExecutionListener.java:191)
	at org.springframework.test.context.web.ServletTestExecutionListener.prepareTestInstance(ServletTestExecutionListener.java:130)
	at org.springframework.test.context.TestContextManager.prepareTestInstance(TestContextManager.java:260)
	at org.springframework.test.context.junit.jupiter.SpringExtension.postProcessTestInstance(SpringExtension.java:163)
	at org.junit.jupiter.engine.descriptor.ClassBasedTestDescriptor.lambda$invokeTestInstancePostProcessors$10(ClassBasedTestDescriptor.java:378)
	at org.junit.jupiter.engine.descriptor.ClassBasedTestDescriptor.executeAndMaskThrowable(ClassBasedTestDescriptor.java:383)
	at org.junit.jupiter.engine.descriptor.ClassBasedTestDescriptor.lambda$invokeTestInstancePostProcessors$11(ClassBasedTestDescriptor.java:378)
	at java.base/java.util.stream.ReferencePipeline$3$1.accept(ReferencePipeline.java:197)
	at java.base/java.util.stream.ReferencePipeline$2$1.accept(ReferencePipeline.java:179)
	at java.base/java.util.ArrayList$ArrayListSpliterator.forEachRemaining(ArrayList.java:1708)
	at java.base/java.util.stream.AbstractPipeline.copyInto(AbstractPipeline.java:509)
	at java.base/java.util.stream.AbstractPipeline.wrapAndCopyInto(AbstractPipeline.java:499)
	at java.base/java.util.stream.StreamSpliterators$WrappingSpliterator.forEachRemaining(StreamSpliterators.java:310)
	at java.base/java.util.stream.Streams$ConcatSpliterator.forEachRemaining(Streams.java:735)
	at java.base/java.util.stream.Streams$ConcatSpliterator.forEachRemaining(Streams.java:734)
	at java.base/java.util.stream.ReferencePipeline$Head.forEach(ReferencePipeline.java:762)
	at org.junit.jupiter.engine.descriptor.ClassBasedTestDescriptor.invokeTestInstancePostProcessors(ClassBasedTestDescriptor.java:377)
	at org.junit.jupiter.engine.descriptor.ClassBasedTestDescriptor.lambda$instantiateAndPostProcessTestInstance$6(ClassBasedTestDescriptor.java:290)
	at org.junit.platform.engine.support.hierarchical.ThrowableCollector.execute(ThrowableCollector.java:73)
	at org.junit.jupiter.engine.descriptor.ClassBasedTestDescriptor.instantiateAndPostProcessTestInstance(ClassBasedTestDescriptor.java:289)
	at org.junit.jupiter.engine.descriptor.ClassBasedTestDescriptor.lambda$testInstancesProvider$4(ClassBasedTestDescriptor.java:279)
	at java.base/java.util.Optional.orElseGet(Optional.java:364)
	at org.junit.jupiter.engine.descriptor.ClassBasedTestDescriptor.lambda$testInstancesProvider$5(ClassBasedTestDescriptor.java:278)
	at org.junit.jupiter.engine.execution.TestInstancesProvider.getTestInstances(TestInstancesProvider.java:31)
	at org.junit.jupiter.engine.descriptor.TestMethodTestDescriptor.lambda$prepare$0(TestMethodTestDescriptor.java:106)
	at org.junit.platform.engine.support.hierarchical.ThrowableCollector.execute(ThrowableCollector.java:73)
	at org.junit.jupiter.engine.descriptor.TestMethodTestDescriptor.prepare(TestMethodTestDescriptor.java:105)
	at org.junit.jupiter.engine.descriptor.TestMethodTestDescriptor.prepare(TestMethodTestDescriptor.java:69)
	at org.junit.platform.engine.support.hierarchical.NodeTestTask.lambda$prepare$2(NodeTestTask.java:123)
	at org.junit.platform.engine.support.hierarchical.ThrowableCollector.execute(ThrowableCollector.java:73)
	at org.junit.platform.engine.support.hierarchical.NodeTestTask.prepare(NodeTestTask.java:123)
	at org.junit.platform.engine.support.hierarchical.NodeTestTask.execute(NodeTestTask.java:90)
	at java.base/java.util.ArrayList.forEach(ArrayList.java:1596)
	at org.junit.platform.engine.support.hierarchical.SameThreadHierarchicalTestExecutorService.invokeAll(SameThreadHierarchicalTestExecutorService.java:41)
	at org.junit.platform.engine.support.hierarchical.NodeTestTask.lambda$executeRecursively$6(NodeTestTask.java:155)
	at org.junit.platform.engine.support.hierarchical.ThrowableCollector.execute(ThrowableCollector.java:73)
	at org.junit.platform.engine.support.hierarchical.NodeTestTask.lambda$executeRecursively$8(NodeTestTask.java:141)
	at org.junit.platform.engine.support.hierarchical.Node.around(Node.java:137)
	at org.junit.platform.engine.support.hierarchical.NodeTestTask.lambda$executeRecursively$9(NodeTestTask.java:139)
	at org.junit.platform.engine.support.hierarchical.ThrowableCollector.execute(ThrowableCollector.java:73)
	at org.junit.platform.engine.support.hierarchical.NodeTestTask.executeRecursively(NodeTestTask.java:138)
	at org.junit.platform.engine.support.hierarchical.NodeTestTask.execute(NodeTestTask.java:95)
	at java.base/java.util.ArrayList.forEach(ArrayList.java:1596)
	at org.junit.platform.engine.support.hierarchical.SameThreadHierarchicalTestExecutorService.invokeAll(SameThreadHierarchicalTestExecutorService.java:41)
	at org.junit.platform.engine.support.hierarchical.NodeTestTask.lambda$executeRecursively$6(NodeTestTask.java:155)
	at org.junit.platform.engine.support.hierarchical.ThrowableCollector.execute(ThrowableCollector.java:73)
	at org.junit.platform.engine.support.hierarchical.NodeTestTask.lambda$executeRecursively$8(NodeTestTask.java:141)
	at org.junit.platform.engine.support.hierarchical.Node.around(Node.java:137)
	at org.junit.platform.engine.support.hierarchical.NodeTestTask.lambda$executeRecursively$9(NodeTestTask.java:139)
	at org.junit.platform.engine.support.hierarchical.ThrowableCollector.execute(ThrowableCollector.java:73)
	at org.junit.platform.engine.support.hierarchical.NodeTestTask.executeRecursively(NodeTestTask.java:138)
	at org.junit.platform.engine.support.hierarchical.NodeTestTask.execute(NodeTestTask.java:95)
	at org.junit.platform.engine.support.hierarchical.SameThreadHierarchicalTestExecutorService.submit(SameThreadHierarchicalTestExecutorService.java:35)
	at org.junit.platform.engine.support.hierarchical.HierarchicalTestExecutor.execute(HierarchicalTestExecutor.java:57)
	at org.junit.platform.engine.support.hierarchical.HierarchicalTestEngine.execute(HierarchicalTestEngine.java:54)
	at org.junit.platform.launcher.core.EngineExecutionOrchestrator.execute(EngineExecutionOrchestrator.java:198)
	at org.junit.platform.launcher.core.EngineExecutionOrchestrator.execute(EngineExecutionOrchestrator.java:169)
	at org.junit.platform.launcher.core.EngineExecutionOrchestrator.execute(EngineExecutionOrchestrator.java:93)
	at org.junit.platform.launcher.core.EngineExecutionOrchestrator.lambda$execute$0(EngineExecutionOrchestrator.java:58)
	at org.junit.platform.launcher.core.EngineExecutionOrchestrator.withInterceptedStreams(EngineExecutionOrchestrator.java:141)
	at org.junit.platform.launcher.core.EngineExecutionOrchestrator.execute(EngineExecutionOrchestrator.java:57)
	at org.junit.platform.launcher.core.DefaultLauncher.execute(DefaultLauncher.java:103)
	at org.junit.platform.launcher.core.DefaultLauncher.execute(DefaultLauncher.java:85)
	at org.junit.platform.launcher.core.DelegatingLauncher.execute(DelegatingLauncher.java:47)
	at org.apache.maven.surefire.junitplatform.LazyLauncher.execute(LazyLauncher.java:56)
	at org.apache.maven.surefire.junitplatform.JUnitPlatformProvider.execute(JUnitPlatformProvider.java:184)
	at org.apache.maven.surefire.junitplatform.JUnitPlatformProvider.invokeAllTests(JUnitPlatformProvider.java:148)
	at org.apache.maven.surefire.junitplatform.JUnitPlatformProvider.invoke(JUnitPlatformProvider.java:122)
	at org.apache.maven.surefire.booter.ForkedBooter.runSuitesInProcess(ForkedBooter.java:385)
	at org.apache.maven.surefire.booter.ForkedBooter.execute(ForkedBooter.java:162)
	at org.apache.maven.surefire.booter.ForkedBooter.run(ForkedBooter.java:507)
	at org.apache.maven.surefire.booter.ForkedBooter.main(ForkedBooter.java:495)
Caused by: org.springframework.beans.factory.UnsatisfiedDependencyException: Error creating bean with name 'userDetailServiceImplementation': Unsatisfied dependency expressed through field 'userRepository': Error creating bean with name 'userRepository' defined in com.tanuj.Spring.Boot.repository.UserRepository defined in @EnableMongoRepositories declared on MongoRepositoriesRegistrar.EnableMongoRepositoriesConfiguration: Cannot resolve reference to bean 'mongoTemplate' while setting bean property 'mongoOperations'
	at org.springframework.beans.factory.annotation.AutowiredAnnotationBeanPostProcessor$AutowiredFieldElement.resolveFieldValue(AutowiredAnnotationBeanPostProcessor.java:787)
	at org.springframework.beans.factory.annotation.AutowiredAnnotationBeanPostProcessor$AutowiredFieldElement.inject(AutowiredAnnotationBeanPostProcessor.java:767)
	at org.springframework.beans.factory.annotation.InjectionMetadata.inject(InjectionMetadata.java:145)
	at org.springframework.beans.factory.annotation.AutowiredAnnotationBeanPostProcessor.postProcessProperties(AutowiredAnnotationBeanPostProcessor.java:508)
	at org.springframework.beans.factory.support.AbstractAutowireCapableBeanFactory.populateBean(AbstractAutowireCapableBeanFactory.java:1419)
	at org.springframework.beans.factory.support.AbstractAutowireCapableBeanFactory.doCreateBean(AbstractAutowireCapableBeanFactory.java:599)
	at org.springframework.beans.factory.support.AbstractAutowireCapableBeanFactory.createBean(AbstractAutowireCapableBeanFactory.java:522)
	at org.springframework.beans.factory.support.AbstractBeanFactory.lambda$doGetBean$0(AbstractBeanFactory.java:326)
	at org.springframework.beans.factory.support.DefaultSingletonBeanRegistry.getSingleton(DefaultSingletonBeanRegistry.java:234)
	at org.springframework.beans.factory.support.AbstractBeanFactory.doGetBean(AbstractBeanFactory.java:324)
	at org.springframework.beans.factory.support.AbstractBeanFactory.getBean(AbstractBeanFactory.java:200)
	at org.springframework.beans.factory.config.DependencyDescriptor.resolveCandidate(DependencyDescriptor.java:254)
	at org.springframework.beans.factory.support.DefaultListableBeanFactory.doResolveDependency(DefaultListableBeanFactory.java:1443)
	at org.springframework.beans.factory.support.DefaultListableBeanFactory.resolveDependency(DefaultListableBeanFactory.java:1353)
	at org.springframework.beans.factory.annotation.AutowiredAnnotationBeanPostProcessor$AutowiredFieldElement.resolveFieldValue(AutowiredAnnotationBeanPostProcessor.java:784)
	... 98 common frames omitted
Caused by: org.springframework.beans.factory.BeanCreationException: Error creating bean with name 'userRepository' defined in com.tanuj.Spring.Boot.repository.UserRepository defined in @EnableMongoRepositories declared on MongoRepositoriesRegistrar.EnableMongoRepositoriesConfiguration: Cannot resolve reference to bean 'mongoTemplate' while setting bean property 'mongoOperations'
	at org.springframework.beans.factory.support.BeanDefinitionValueResolver.resolveReference(BeanDefinitionValueResolver.java:377)
	at org.springframework.beans.factory.support.BeanDefinitionValueResolver.resolveValueIfNecessary(BeanDefinitionValueResolver.java:135)
	at org.springframework.beans.factory.support.AbstractAutowireCapableBeanFactory.applyPropertyValues(AbstractAutowireCapableBeanFactory.java:1685)
	at org.springframework.beans.factory.support.AbstractAutowireCapableBeanFactory.populateBean(AbstractAutowireCapableBeanFactory.java:1434)
	at org.springframework.beans.factory.support.AbstractAutowireCapableBeanFactory.doCreateBean(AbstractAutowireCapableBeanFactory.java:599)
	at org.springframework.beans.factory.support.AbstractAutowireCapableBeanFactory.createBean(AbstractAutowireCapableBeanFactory.java:522)
	at org.springframework.beans.factory.support.AbstractBeanFactory.lambda$doGetBean$0(AbstractBeanFactory.java:326)
	at org.springframework.beans.factory.support.DefaultSingletonBeanRegistry.getSingleton(DefaultSingletonBeanRegistry.java:234)
	at org.springframework.beans.factory.support.AbstractBeanFactory.doGetBean(AbstractBeanFactory.java:324)
	at org.springframework.beans.factory.support.AbstractBeanFactory.getBean(AbstractBeanFactory.java:200)
	at org.springframework.beans.factory.config.DependencyDescriptor.resolveCandidate(DependencyDescriptor.java:254)
	at org.springframework.beans.factory.support.DefaultListableBeanFactory.doResolveDependency(DefaultListableBeanFactory.java:1443)
	at org.springframework.beans.factory.support.DefaultListableBeanFactory.resolveDependency(DefaultListableBeanFactory.java:1353)
	at org.springframework.beans.factory.annotation.AutowiredAnnotationBeanPostProcessor$AutowiredFieldElement.resolveFieldValue(AutowiredAnnotationBeanPostProcessor.java:784)
	... 112 common frames omitted
Caused by: org.springframework.beans.factory.BeanCreationException: Error creating bean with name 'mongoTemplate' defined in class path resource [org/springframework/boot/autoconfigure/data/mongo/MongoDatabaseFactoryDependentConfiguration.class]: Failed to instantiate [org.springframework.data.mongodb.core.MongoTemplate]: Factory method 'mongoTemplate' threw exception with message: Timed out after 30000 ms while waiting for a server that matches WritableServerSelector. Client view of cluster state is {type=REPLICA_SET, servers=[{address=ac-ipildno-shard-00-02.7zsqiuv.mongodb.net:27017, type=UNKNOWN, state=CONNECTING, exception={com.mongodb.MongoSocketWriteException: Exception sending message}, caused by {javax.net.ssl.SSLException: (internal_error) Received fatal alert: internal_error}}, {address=ac-ipildno-shard-00-00.7zsqiuv.mongodb.net:27017, type=UNKNOWN, state=CONNECTING, exception={com.mongodb.MongoSocketWriteException: Exception sending message}, caused by {javax.net.ssl.SSLException: (internal_error) Received fatal alert: internal_error}}, {address=ac-ipildno-shard-00-01.7zsqiuv.mongodb.net:27017, type=UNKNOWN, state=CONNECTING, exception={com.mongodb.MongoSocketWriteException: Exception sending message}, caused by {javax.net.ssl.SSLException: (internal_error) Received fatal alert: internal_error}}]
	at org.springframework.beans.factory.support.ConstructorResolver.instantiate(ConstructorResolver.java:648)
	at org.springframework.beans.factory.support.ConstructorResolver.instantiateUsingFactoryMethod(ConstructorResolver.java:636)
	at org.springframework.beans.factory.support.AbstractAutowireCapableBeanFactory.instantiateUsingFactoryMethod(AbstractAutowireCapableBeanFactory.java:1335)
	at org.springframework.beans.factory.support.AbstractAutowireCapableBeanFactory.createBeanInstance(AbstractAutowireCapableBeanFactory.java:1165)
	at org.springframework.beans.factory.support.AbstractAutowireCapableBeanFactory.doCreateBean(AbstractAutowireCapableBeanFactory.java:562)
	at org.springframework.beans.factory.support.AbstractAutowireCapableBeanFactory.createBean(AbstractAutowireCapableBeanFactory.java:522)
	at org.springframework.beans.factory.support.AbstractBeanFactory.lambda$doGetBean$0(AbstractBeanFactory.java:326)
	at org.springframework.beans.factory.support.DefaultSingletonBeanRegistry.getSingleton(DefaultSingletonBeanRegistry.java:234)
	at org.springframework.beans.factory.support.AbstractBeanFactory.doGetBean(AbstractBeanFactory.java:324)
	at org.springframework.beans.factory.support.AbstractBeanFactory.getBean(AbstractBeanFactory.java:200)
	at org.springframework.beans.factory.support.BeanDefinitionValueResolver.resolveReference(BeanDefinitionValueResolver.java:365)
	... 125 common frames omitted
Caused by: org.springframework.beans.BeanInstantiationException: Failed to instantiate [org.springframework.data.mongodb.core.MongoTemplate]: Factory method 'mongoTemplate' threw exception with message: Timed out after 30000 ms while waiting for a server that matches WritableServerSelector. Client view of cluster state is {type=REPLICA_SET, servers=[{address=ac-ipildno-shard-00-02.7zsqiuv.mongodb.net:27017, type=UNKNOWN, state=CONNECTING, exception={com.mongodb.MongoSocketWriteException: Exception sending message}, caused by {javax.net.ssl.SSLException: (internal_error) Received fatal alert: internal_error}}, {address=ac-ipildno-shard-00-00.7zsqiuv.mongodb.net:27017, type=UNKNOWN, state=CONNECTING, exception={com.mongodb.MongoSocketWriteException: Exception sending message}, caused by {javax.net.ssl.SSLException: (internal_error) Received fatal alert: internal_error}}, {address=ac-ipildno-shard-00-01.7zsqiuv.mongodb.net:27017, type=UNKNOWN, state=CONNECTING, exception={com.mongodb.MongoSocketWriteException: Exception sending message}, caused by {javax.net.ssl.SSLException: (internal_error) Received fatal alert: internal_error}}]
	at org.springframework.beans.factory.support.SimpleInstantiationStrategy.instantiate(SimpleInstantiationStrategy.java:177)
	at org.springframework.beans.factory.support.ConstructorResolver.instantiate(ConstructorResolver.java:644)
	... 135 common frames omitted
Caused by: org.springframework.dao.DataAccessResourceFailureException: Timed out after 30000 ms while waiting for a server that matches WritableServerSelector. Client view of cluster state is {type=REPLICA_SET, servers=[{address=ac-ipildno-shard-00-02.7zsqiuv.mongodb.net:27017, type=UNKNOWN, state=CONNECTING, exception={com.mongodb.MongoSocketWriteException: Exception sending message}, caused by {javax.net.ssl.SSLException: (internal_error) Received fatal alert: internal_error}}, {address=ac-ipildno-shard-00-00.7zsqiuv.mongodb.net:27017, type=UNKNOWN, state=CONNECTING, exception={com.mongodb.MongoSocketWriteException: Exception sending message}, caused by {javax.net.ssl.SSLException: (internal_error) Received fatal alert: internal_error}}, {address=ac-ipildno-shard-00-01.7zsqiuv.mongodb.net:27017, type=UNKNOWN, state=CONNECTING, exception={com.mongodb.MongoSocketWriteException: Exception sending message}, caused by {javax.net.ssl.SSLException: (internal_error) Received fatal alert: internal_error}}]
	at org.springframework.data.mongodb.core.MongoExceptionTranslator.translateExceptionIfPossible(MongoExceptionTranslator.java:88)
	at org.springframework.data.mongodb.core.MongoTemplate.potentiallyConvertRuntimeException(MongoTemplate.java:3002)
	at org.springframework.data.mongodb.core.MongoTemplate.execute(MongoTemplate.java:603)
	at org.springframework.data.mongodb.core.DefaultIndexOperations.execute(DefaultIndexOperations.java:215)
	at org.springframework.data.mongodb.core.DefaultIndexOperations.ensureIndex(DefaultIndexOperations.java:119)
	at org.springframework.data.mongodb.core.index.MongoPersistentEntityIndexCreator.createIndex(MongoPersistentEntityIndexCreator.java:153)
	at org.springframework.data.mongodb.core.index.MongoPersistentEntityIndexCreator.checkForAndCreateIndexes(MongoPersistentEntityIndexCreator.java:143)
	at org.springframework.data.mongodb.core.index.MongoPersistentEntityIndexCreator.checkForIndexes(MongoPersistentEntityIndexCreator.java:127)
	at org.springframework.data.mongodb.core.index.MongoPersistentEntityIndexCreator.<init>(MongoPersistentEntityIndexCreator.java:96)
	at org.springframework.data.mongodb.core.index.MongoPersistentEntityIndexCreator.<init>(MongoPersistentEntityIndexCreator.java:73)
	at org.springframework.data.mongodb.core.MongoTemplate.<init>(MongoTemplate.java:263)
	at org.springframework.boot.autoconfigure.data.mongo.MongoDatabaseFactoryDependentConfiguration.mongoTemplate(MongoDatabaseFactoryDependentConfiguration.java:61)
	at java.base/jdk.internal.reflect.DirectMethodHandleAccessor.invoke(DirectMethodHandleAccessor.java:103)
	at java.base/java.lang.reflect.Method.invoke(Method.java:580)
	at org.springframework.beans.factory.support.SimpleInstantiationStrategy.instantiate(SimpleInstantiationStrategy.java:140)
	... 136 common frames omitted
Caused by: com.mongodb.MongoTimeoutException: Timed out after 30000 ms while waiting for a server that matches WritableServerSelector. Client view of cluster state is {type=REPLICA_SET, servers=[{address=ac-ipildno-shard-00-02.7zsqiuv.mongodb.net:27017, type=UNKNOWN, state=CONNECTING, exception={com.mongodb.MongoSocketWriteException: Exception sending message}, caused by {javax.net.ssl.SSLException: (internal_error) Received fatal alert: internal_error}}, {address=ac-ipildno-shard-00-00.7zsqiuv.mongodb.net:27017, type=UNKNOWN, state=CONNECTING, exception={com.mongodb.MongoSocketWriteException: Exception sending message}, caused by {javax.net.ssl.SSLException: (internal_error) Received fatal alert: internal_error}}, {address=ac-ipildno-shard-00-01.7zsqiuv.mongodb.net:27017, type=UNKNOWN, state=CONNECTING, exception={com.mongodb.MongoSocketWriteException: Exception sending message}, caused by {javax.net.ssl.SSLException: (internal_error) Received fatal alert: internal_error}}]
	at com.mongodb.internal.connection.BaseCluster.createTimeoutException(BaseCluster.java:380)
	at com.mongodb.internal.connection.BaseCluster.selectServer(BaseCluster.java:125)
	at com.mongodb.internal.connection.AbstractMultiServerCluster.selectServer(AbstractMultiServerCluster.java:54)
	at com.mongodb.internal.binding.ClusterBinding.getWriteConnectionSource(ClusterBinding.java:134)
	at com.mongodb.client.internal.ClientSessionBinding.getConnectionSource(ClientSessionBinding.java:128)
	at com.mongodb.client.internal.ClientSessionBinding.getWriteConnectionSource(ClientSessionBinding.java:102)
	at com.mongodb.internal.operation.SyncOperationHelper.withConnection(SyncOperationHelper.java:106)
	at com.mongodb.internal.operation.CreateIndexesOperation.execute(CreateIndexesOperation.java:129)
	at com.mongodb.internal.operation.CreateIndexesOperation.execute(CreateIndexesOperation.java:68)
	at com.mongodb.client.internal.MongoClientDelegate$DelegateOperationExecutor.execute(MongoClientDelegate.java:173)
	at com.mongodb.client.internal.MongoCollectionImpl.executeCreateIndexes(MongoCollectionImpl.java:913)
	at com.mongodb.client.internal.MongoCollectionImpl.createIndexes(MongoCollectionImpl.java:896)
	at com.mongodb.client.internal.MongoCollectionImpl.createIndexes(MongoCollectionImpl.java:891)
	at com.mongodb.client.internal.MongoCollectionImpl.createIndex(MongoCollectionImpl.java:876)
	at org.springframework.data.mongodb.core.DefaultIndexOperations.lambda$ensureIndex$0(DefaultIndexOperations.java:129)
	at org.springframework.data.mongodb.core.MongoTemplate.execute(MongoTemplate.java:601)
	... 148 common frames omitted
2026-05-24 15:56:48 [main] WARN  o.s.test.context.TestContextManager - Caught exception while allowing TestExecutionListener [org.springframework.test.context.web.ServletTestExecutionListener] to prepare test instance [com.tanuj.Spring.Boot.ApplicationTests@a056b26]
java.lang.IllegalStateException: Failed to load ApplicationContext for [WebMergedContextConfiguration@5ebbde60 testClass = com.tanuj.Spring.Boot.ApplicationTests, locations = [], classes = [com.tanuj.Spring.Boot.Application], contextInitializerClasses = [], activeProfiles = [], propertySourceDescriptors = [], propertySourceProperties = ["org.springframework.boot.test.context.SpringBootTestContextBootstrapper=true"], contextCustomizers = [org.springframework.boot.test.context.filter.ExcludeFilterContextCustomizer@46944ca9, org.springframework.boot.test.json.DuplicateJsonObjectContextCustomizerFactory$DuplicateJsonObjectContextCustomizer@5674e1f2, org.springframework.boot.test.mock.mockito.MockitoContextCustomizer@0, org.springframework.boot.test.web.client.TestRestTemplateContextCustomizer@6986bbaf, org.springframework.boot.test.autoconfigure.actuate.observability.ObservabilityContextCustomizerFactory$DisableObservabilityContextCustomizer@1f, org.springframework.boot.test.autoconfigure.properties.PropertyMappingContextCustomizer@0, org.springframework.boot.test.autoconfigure.web.servlet.WebDriverContextCustomizer@2fc6f97f, org.springframework.boot.test.context.SpringBootTestAnnotation@410067ad], resourceBasePath = "src/main/webapp", contextLoader = org.springframework.boot.test.context.SpringBootContextLoader, parent = null]
	at org.springframework.test.context.cache.DefaultCacheAwareContextLoaderDelegate.loadContext(DefaultCacheAwareContextLoaderDelegate.java:180)
	at org.springframework.test.context.support.DefaultTestContext.getApplicationContext(DefaultTestContext.java:130)
	at org.springframework.test.context.web.ServletTestExecutionListener.setUpRequestContextIfNecessary(ServletTestExecutionListener.java:191)
	at org.springframework.test.context.web.ServletTestExecutionListener.prepareTestInstance(ServletTestExecutionListener.java:130)
	at org.springframework.test.context.TestContextManager.prepareTestInstance(TestContextManager.java:260)
	at org.springframework.test.context.junit.jupiter.SpringExtension.postProcessTestInstance(SpringExtension.java:163)
	at org.junit.jupiter.engine.descriptor.ClassBasedTestDescriptor.lambda$invokeTestInstancePostProcessors$10(ClassBasedTestDescriptor.java:378)
	at org.junit.jupiter.engine.descriptor.ClassBasedTestDescriptor.executeAndMaskThrowable(ClassBasedTestDescriptor.java:383)
	at org.junit.jupiter.engine.descriptor.ClassBasedTestDescriptor.lambda$invokeTestInstancePostProcessors$11(ClassBasedTestDescriptor.java:378)
	at java.base/java.util.stream.ReferencePipeline$3$1.accept(ReferencePipeline.java:197)
	at java.base/java.util.stream.ReferencePipeline$2$1.accept(ReferencePipeline.java:179)
	at java.base/java.util.ArrayList$ArrayListSpliterator.forEachRemaining(ArrayList.java:1708)
	at java.base/java.util.stream.AbstractPipeline.copyInto(AbstractPipeline.java:509)
	at java.base/java.util.stream.AbstractPipeline.wrapAndCopyInto(AbstractPipeline.java:499)
	at java.base/java.util.stream.StreamSpliterators$WrappingSpliterator.forEachRemaining(StreamSpliterators.java:310)
	at java.base/java.util.stream.Streams$ConcatSpliterator.forEachRemaining(Streams.java:735)
	at java.base/java.util.stream.Streams$ConcatSpliterator.forEachRemaining(Streams.java:734)
	at java.base/java.util.stream.ReferencePipeline$Head.forEach(ReferencePipeline.java:762)
	at org.junit.jupiter.engine.descriptor.ClassBasedTestDescriptor.invokeTestInstancePostProcessors(ClassBasedTestDescriptor.java:377)
	at org.junit.jupiter.engine.descriptor.ClassBasedTestDescriptor.lambda$instantiateAndPostProcessTestInstance$6(ClassBasedTestDescriptor.java:290)
	at org.junit.platform.engine.support.hierarchical.ThrowableCollector.execute(ThrowableCollector.java:73)
	at org.junit.jupiter.engine.descriptor.ClassBasedTestDescriptor.instantiateAndPostProcessTestInstance(ClassBasedTestDescriptor.java:289)
	at org.junit.jupiter.engine.descriptor.ClassBasedTestDescriptor.lambda$testInstancesProvider$4(ClassBasedTestDescriptor.java:279)
	at java.base/java.util.Optional.orElseGet(Optional.java:364)
	at org.junit.jupiter.engine.descriptor.ClassBasedTestDescriptor.lambda$testInstancesProvider$5(ClassBasedTestDescriptor.java:278)
	at org.junit.jupiter.engine.execution.TestInstancesProvider.getTestInstances(TestInstancesProvider.java:31)
	at org.junit.jupiter.engine.descriptor.TestMethodTestDescriptor.lambda$prepare$0(TestMethodTestDescriptor.java:106)
	at org.junit.platform.engine.support.hierarchical.ThrowableCollector.execute(ThrowableCollector.java:73)
	at org.junit.jupiter.engine.descriptor.TestMethodTestDescriptor.prepare(TestMethodTestDescriptor.java:105)
	at org.junit.jupiter.engine.descriptor.TestMethodTestDescriptor.prepare(TestMethodTestDescriptor.java:69)
	at org.junit.platform.engine.support.hierarchical.NodeTestTask.lambda$prepare$2(NodeTestTask.java:123)
	at org.junit.platform.engine.support.hierarchical.ThrowableCollector.execute(ThrowableCollector.java:73)
	at org.junit.platform.engine.support.hierarchical.NodeTestTask.prepare(NodeTestTask.java:123)
	at org.junit.platform.engine.support.hierarchical.NodeTestTask.execute(NodeTestTask.java:90)
	at java.base/java.util.ArrayList.forEach(ArrayList.java:1596)
	at org.junit.platform.engine.support.hierarchical.SameThreadHierarchicalTestExecutorService.invokeAll(SameThreadHierarchicalTestExecutorService.java:41)
	at org.junit.platform.engine.support.hierarchical.NodeTestTask.lambda$executeRecursively$6(NodeTestTask.java:155)
	at org.junit.platform.engine.support.hierarchical.ThrowableCollector.execute(ThrowableCollector.java:73)
	at org.junit.platform.engine.support.hierarchical.NodeTestTask.lambda$executeRecursively$8(NodeTestTask.java:141)
	at org.junit.platform.engine.support.hierarchical.Node.around(Node.java:137)
	at org.junit.platform.engine.support.hierarchical.NodeTestTask.lambda$executeRecursively$9(NodeTestTask.java:139)
	at org.junit.platform.engine.support.hierarchical.ThrowableCollector.execute(ThrowableCollector.java:73)
	at org.junit.platform.engine.support.hierarchical.NodeTestTask.executeRecursively(NodeTestTask.java:138)
	at org.junit.platform.engine.support.hierarchical.NodeTestTask.execute(NodeTestTask.java:95)
	at java.base/java.util.ArrayList.forEach(ArrayList.java:1596)
	at org.junit.platform.engine.support.hierarchical.SameThreadHierarchicalTestExecutorService.invokeAll(SameThreadHierarchicalTestExecutorService.java:41)
	at org.junit.platform.engine.support.hierarchical.NodeTestTask.lambda$executeRecursively$6(NodeTestTask.java:155)
	at org.junit.platform.engine.support.hierarchical.ThrowableCollector.execute(ThrowableCollector.java:73)
	at org.junit.platform.engine.support.hierarchical.NodeTestTask.lambda$executeRecursively$8(NodeTestTask.java:141)
	at org.junit.platform.engine.support.hierarchical.Node.around(Node.java:137)
	at org.junit.platform.engine.support.hierarchical.NodeTestTask.lambda$executeRecursively$9(NodeTestTask.java:139)
	at org.junit.platform.engine.support.hierarchical.ThrowableCollector.execute(ThrowableCollector.java:73)
	at org.junit.platform.engine.support.hierarchical.NodeTestTask.executeRecursively(NodeTestTask.java:138)
	at org.junit.platform.engine.support.hierarchical.NodeTestTask.execute(NodeTestTask.java:95)
	at org.junit.platform.engine.support.hierarchical.SameThreadHierarchicalTestExecutorService.submit(SameThreadHierarchicalTestExecutorService.java:35)
	at org.junit.platform.engine.support.hierarchical.HierarchicalTestExecutor.execute(HierarchicalTestExecutor.java:57)
	at org.junit.platform.engine.support.hierarchical.HierarchicalTestEngine.execute(HierarchicalTestEngine.java:54)
	at org.junit.platform.launcher.core.EngineExecutionOrchestrator.execute(EngineExecutionOrchestrator.java:198)
	at org.junit.platform.launcher.core.EngineExecutionOrchestrator.execute(EngineExecutionOrchestrator.java:169)
	at org.junit.platform.launcher.core.EngineExecutionOrchestrator.execute(EngineExecutionOrchestrator.java:93)
	at org.junit.platform.launcher.core.EngineExecutionOrchestrator.lambda$execute$0(EngineExecutionOrchestrator.java:58)
	at org.junit.platform.launcher.core.EngineExecutionOrchestrator.withInterceptedStreams(EngineExecutionOrchestrator.java:141)
	at org.junit.platform.launcher.core.EngineExecutionOrchestrator.execute(EngineExecutionOrchestrator.java:57)
	at org.junit.platform.launcher.core.DefaultLauncher.execute(DefaultLauncher.java:103)
	at org.junit.platform.launcher.core.DefaultLauncher.execute(DefaultLauncher.java:85)
	at org.junit.platform.launcher.core.DelegatingLauncher.execute(DelegatingLauncher.java:47)
	at org.apache.maven.surefire.junitplatform.LazyLauncher.execute(LazyLauncher.java:56)
	at org.apache.maven.surefire.junitplatform.JUnitPlatformProvider.execute(JUnitPlatformProvider.java:184)
	at org.apache.maven.surefire.junitplatform.JUnitPlatformProvider.invokeAllTests(JUnitPlatformProvider.java:148)
	at org.apache.maven.surefire.junitplatform.JUnitPlatformProvider.invoke(JUnitPlatformProvider.java:122)
	at org.apache.maven.surefire.booter.ForkedBooter.runSuitesInProcess(ForkedBooter.java:385)
	at org.apache.maven.surefire.booter.ForkedBooter.execute(ForkedBooter.java:162)
	at org.apache.maven.surefire.booter.ForkedBooter.run(ForkedBooter.java:507)
	at org.apache.maven.surefire.booter.ForkedBooter.main(ForkedBooter.java:495)
Caused by: org.springframework.beans.factory.UnsatisfiedDependencyException: Error creating bean with name 'springSecurity': Unsatisfied dependency expressed through field 'userDetailServiceImplementation': Error creating bean with name 'userDetailServiceImplementation': Unsatisfied dependency expressed through field 'userRepository': Error creating bean with name 'userRepository' defined in com.tanuj.Spring.Boot.repository.UserRepository defined in @EnableMongoRepositories declared on MongoRepositoriesRegistrar.EnableMongoRepositoriesConfiguration: Cannot resolve reference to bean 'mongoTemplate' while setting bean property 'mongoOperations'
	at org.springframework.beans.factory.annotation.AutowiredAnnotationBeanPostProcessor$AutowiredFieldElement.resolveFieldValue(AutowiredAnnotationBeanPostProcessor.java:787)
	at org.springframework.beans.factory.annotation.AutowiredAnnotationBeanPostProcessor$AutowiredFieldElement.inject(AutowiredAnnotationBeanPostProcessor.java:767)
	at org.springframework.beans.factory.annotation.InjectionMetadata.inject(InjectionMetadata.java:145)
	at org.springframework.beans.factory.annotation.AutowiredAnnotationBeanPostProcessor.postProcessProperties(AutowiredAnnotationBeanPostProcessor.java:508)
	at org.springframework.beans.factory.support.AbstractAutowireCapableBeanFactory.populateBean(AbstractAutowireCapableBeanFactory.java:1419)
	at org.springframework.beans.factory.support.AbstractAutowireCapableBeanFactory.doCreateBean(AbstractAutowireCapableBeanFactory.java:599)
	at org.springframework.beans.factory.support.AbstractAutowireCapableBeanFactory.createBean(AbstractAutowireCapableBeanFactory.java:522)
	at org.springframework.beans.factory.support.AbstractBeanFactory.lambda$doGetBean$0(AbstractBeanFactory.java:326)
	at org.springframework.beans.factory.support.DefaultSingletonBeanRegistry.getSingleton(DefaultSingletonBeanRegistry.java:234)
	at org.springframework.beans.factory.support.AbstractBeanFactory.doGetBean(AbstractBeanFactory.java:324)
	at org.springframework.beans.factory.support.AbstractBeanFactory.getBean(AbstractBeanFactory.java:200)
	at org.springframework.beans.factory.support.DefaultListableBeanFactory.preInstantiateSingletons(DefaultListableBeanFactory.java:975)
	at org.springframework.context.support.AbstractApplicationContext.finishBeanFactoryInitialization(AbstractApplicationContext.java:962)
	at org.springframework.context.support.AbstractApplicationContext.refresh(AbstractApplicationContext.java:624)
	at org.springframework.boot.SpringApplication.refresh(SpringApplication.java:754)
	at org.springframework.boot.SpringApplication.refreshContext(SpringApplication.java:456)
	at org.springframework.boot.SpringApplication.run(SpringApplication.java:334)
	at org.springframework.boot.test.context.SpringBootContextLoader.lambda$loadContext$3(SpringBootContextLoader.java:137)
	at org.springframework.util.function.ThrowingSupplier.get(ThrowingSupplier.java:58)
	at org.springframework.util.function.ThrowingSupplier.get(ThrowingSupplier.java:46)
	at org.springframework.boot.SpringApplication.withHook(SpringApplication.java:1454)
	at org.springframework.boot.test.context.SpringBootContextLoader$ContextLoaderHook.run(SpringBootContextLoader.java:553)
	at org.springframework.boot.test.context.SpringBootContextLoader.loadContext(SpringBootContextLoader.java:137)
	at org.springframework.boot.test.context.SpringBootContextLoader.loadContext(SpringBootContextLoader.java:108)
	at org.springframework.test.context.cache.DefaultCacheAwareContextLoaderDelegate.loadContextInternal(DefaultCacheAwareContextLoaderDelegate.java:225)
	at org.springframework.test.context.cache.DefaultCacheAwareContextLoaderDelegate.loadContext(DefaultCacheAwareContextLoaderDelegate.java:152)
	... 73 common frames omitted
Caused by: org.springframework.beans.factory.UnsatisfiedDependencyException: Error creating bean with name 'userDetailServiceImplementation': Unsatisfied dependency expressed through field 'userRepository': Error creating bean with name 'userRepository' defined in com.tanuj.Spring.Boot.repository.UserRepository defined in @EnableMongoRepositories declared on MongoRepositoriesRegistrar.EnableMongoRepositoriesConfiguration: Cannot resolve reference to bean 'mongoTemplate' while setting bean property 'mongoOperations'
	at org.springframework.beans.factory.annotation.AutowiredAnnotationBeanPostProcessor$AutowiredFieldElement.resolveFieldValue(AutowiredAnnotationBeanPostProcessor.java:787)
	at org.springframework.beans.factory.annotation.AutowiredAnnotationBeanPostProcessor$AutowiredFieldElement.inject(AutowiredAnnotationBeanPostProcessor.java:767)
	at org.springframework.beans.factory.annotation.InjectionMetadata.inject(InjectionMetadata.java:145)
	at org.springframework.beans.factory.annotation.AutowiredAnnotationBeanPostProcessor.postProcessProperties(AutowiredAnnotationBeanPostProcessor.java:508)
	at org.springframework.beans.factory.support.AbstractAutowireCapableBeanFactory.populateBean(AbstractAutowireCapableBeanFactory.java:1419)
	at org.springframework.beans.factory.support.AbstractAutowireCapableBeanFactory.doCreateBean(AbstractAutowireCapableBeanFactory.java:599)
	at org.springframework.beans.factory.support.AbstractAutowireCapableBeanFactory.createBean(AbstractAutowireCapableBeanFactory.java:522)
	at org.springframework.beans.factory.support.AbstractBeanFactory.lambda$doGetBean$0(AbstractBeanFactory.java:326)
	at org.springframework.beans.factory.support.DefaultSingletonBeanRegistry.getSingleton(DefaultSingletonBeanRegistry.java:234)
	at org.springframework.beans.factory.support.AbstractBeanFactory.doGetBean(AbstractBeanFactory.java:324)
	at org.springframework.beans.factory.support.AbstractBeanFactory.getBean(AbstractBeanFactory.java:200)
	at org.springframework.beans.factory.config.DependencyDescriptor.resolveCandidate(DependencyDescriptor.java:254)
	at org.springframework.beans.factory.support.DefaultListableBeanFactory.doResolveDependency(DefaultListableBeanFactory.java:1443)
	at org.springframework.beans.factory.support.DefaultListableBeanFactory.resolveDependency(DefaultListableBeanFactory.java:1353)
	at org.springframework.beans.factory.annotation.AutowiredAnnotationBeanPostProcessor$AutowiredFieldElement.resolveFieldValue(AutowiredAnnotationBeanPostProcessor.java:784)
	... 98 common frames omitted
Caused by: org.springframework.beans.factory.BeanCreationException: Error creating bean with name 'userRepository' defined in com.tanuj.Spring.Boot.repository.UserRepository defined in @EnableMongoRepositories declared on MongoRepositoriesRegistrar.EnableMongoRepositoriesConfiguration: Cannot resolve reference to bean 'mongoTemplate' while setting bean property 'mongoOperations'
	at org.springframework.beans.factory.support.BeanDefinitionValueResolver.resolveReference(BeanDefinitionValueResolver.java:377)
	at org.springframework.beans.factory.support.BeanDefinitionValueResolver.resolveValueIfNecessary(BeanDefinitionValueResolver.java:135)
	at org.springframework.beans.factory.support.AbstractAutowireCapableBeanFactory.applyPropertyValues(AbstractAutowireCapableBeanFactory.java:1685)
	at org.springframework.beans.factory.support.AbstractAutowireCapableBeanFactory.populateBean(AbstractAutowireCapableBeanFactory.java:1434)
	at org.springframework.beans.factory.support.AbstractAutowireCapableBeanFactory.doCreateBean(AbstractAutowireCapableBeanFactory.java:599)
	at org.springframework.beans.factory.support.AbstractAutowireCapableBeanFactory.createBean(AbstractAutowireCapableBeanFactory.java:522)
	at org.springframework.beans.factory.support.AbstractBeanFactory.lambda$doGetBean$0(AbstractBeanFactory.java:326)
	at org.springframework.beans.factory.support.DefaultSingletonBeanRegistry.getSingleton(DefaultSingletonBeanRegistry.java:234)
	at org.springframework.beans.factory.support.AbstractBeanFactory.doGetBean(AbstractBeanFactory.java:324)
	at org.springframework.beans.factory.support.AbstractBeanFactory.getBean(AbstractBeanFactory.java:200)
	at org.springframework.beans.factory.config.DependencyDescriptor.resolveCandidate(DependencyDescriptor.java:254)
	at org.springframework.beans.factory.support.DefaultListableBeanFactory.doResolveDependency(DefaultListableBeanFactory.java:1443)
	at org.springframework.beans.factory.support.DefaultListableBeanFactory.resolveDependency(DefaultListableBeanFactory.java:1353)
	at org.springframework.beans.factory.annotation.AutowiredAnnotationBeanPostProcessor$AutowiredFieldElement.resolveFieldValue(AutowiredAnnotationBeanPostProcessor.java:784)
	... 112 common frames omitted
Caused by: org.springframework.beans.factory.BeanCreationException: Error creating bean with name 'mongoTemplate' defined in class path resource [org/springframework/boot/autoconfigure/data/mongo/MongoDatabaseFactoryDependentConfiguration.class]: Failed to instantiate [org.springframework.data.mongodb.core.MongoTemplate]: Factory method 'mongoTemplate' threw exception with message: Timed out after 30000 ms while waiting for a server that matches WritableServerSelector. Client view of cluster state is {type=REPLICA_SET, servers=[{address=ac-ipildno-shard-00-02.7zsqiuv.mongodb.net:27017, type=UNKNOWN, state=CONNECTING, exception={com.mongodb.MongoSocketWriteException: Exception sending message}, caused by {javax.net.ssl.SSLException: (internal_error) Received fatal alert: internal_error}}, {address=ac-ipildno-shard-00-00.7zsqiuv.mongodb.net:27017, type=UNKNOWN, state=CONNECTING, exception={com.mongodb.MongoSocketWriteException: Exception sending message}, caused by {javax.net.ssl.SSLException: (internal_error) Received fatal alert: internal_error}}, {address=ac-ipildno-shard-00-01.7zsqiuv.mongodb.net:27017, type=UNKNOWN, state=CONNECTING, exception={com.mongodb.MongoSocketWriteException: Exception sending message}, caused by {javax.net.ssl.SSLException: (internal_error) Received fatal alert: internal_error}}]
	at org.springframework.beans.factory.support.ConstructorResolver.instantiate(ConstructorResolver.java:648)
	at org.springframework.beans.factory.support.ConstructorResolver.instantiateUsingFactoryMethod(ConstructorResolver.java:636)
	at org.springframework.beans.factory.support.AbstractAutowireCapableBeanFactory.instantiateUsingFactoryMethod(AbstractAutowireCapableBeanFactory.java:1335)
	at org.springframework.beans.factory.support.AbstractAutowireCapableBeanFactory.createBeanInstance(AbstractAutowireCapableBeanFactory.java:1165)
	at org.springframework.beans.factory.support.AbstractAutowireCapableBeanFactory.doCreateBean(AbstractAutowireCapableBeanFactory.java:562)
	at org.springframework.beans.factory.support.AbstractAutowireCapableBeanFactory.createBean(AbstractAutowireCapableBeanFactory.java:522)
	at org.springframework.beans.factory.support.AbstractBeanFactory.lambda$doGetBean$0(AbstractBeanFactory.java:326)
	at org.springframework.beans.factory.support.DefaultSingletonBeanRegistry.getSingleton(DefaultSingletonBeanRegistry.java:234)
	at org.springframework.beans.factory.support.AbstractBeanFactory.doGetBean(AbstractBeanFactory.java:324)
	at org.springframework.beans.factory.support.AbstractBeanFactory.getBean(AbstractBeanFactory.java:200)
	at org.springframework.beans.factory.support.BeanDefinitionValueResolver.resolveReference(BeanDefinitionValueResolver.java:365)
	... 125 common frames omitted
Caused by: org.springframework.beans.BeanInstantiationException: Failed to instantiate [org.springframework.data.mongodb.core.MongoTemplate]: Factory method 'mongoTemplate' threw exception with message: Timed out after 30000 ms while waiting for a server that matches WritableServerSelector. Client view of cluster state is {type=REPLICA_SET, servers=[{address=ac-ipildno-shard-00-02.7zsqiuv.mongodb.net:27017, type=UNKNOWN, state=CONNECTING, exception={com.mongodb.MongoSocketWriteException: Exception sending message}, caused by {javax.net.ssl.SSLException: (internal_error) Received fatal alert: internal_error}}, {address=ac-ipildno-shard-00-00.7zsqiuv.mongodb.net:27017, type=UNKNOWN, state=CONNECTING, exception={com.mongodb.MongoSocketWriteException: Exception sending message}, caused by {javax.net.ssl.SSLException: (internal_error) Received fatal alert: internal_error}}, {address=ac-ipildno-shard-00-01.7zsqiuv.mongodb.net:27017, type=UNKNOWN, state=CONNECTING, exception={com.mongodb.MongoSocketWriteException: Exception sending message}, caused by {javax.net.ssl.SSLException: (internal_error) Received fatal alert: internal_error}}]
	at org.springframework.beans.factory.support.SimpleInstantiationStrategy.instantiate(SimpleInstantiationStrategy.java:177)
	at org.springframework.beans.factory.support.ConstructorResolver.instantiate(ConstructorResolver.java:644)
	... 135 common frames omitted
Caused by: org.springframework.dao.DataAccessResourceFailureException: Timed out after 30000 ms while waiting for a server that matches WritableServerSelector. Client view of cluster state is {type=REPLICA_SET, servers=[{address=ac-ipildno-shard-00-02.7zsqiuv.mongodb.net:27017, type=UNKNOWN, state=CONNECTING, exception={com.mongodb.MongoSocketWriteException: Exception sending message}, caused by {javax.net.ssl.SSLException: (internal_error) Received fatal alert: internal_error}}, {address=ac-ipildno-shard-00-00.7zsqiuv.mongodb.net:27017, type=UNKNOWN, state=CONNECTING, exception={com.mongodb.MongoSocketWriteException: Exception sending message}, caused by {javax.net.ssl.SSLException: (internal_error) Received fatal alert: internal_error}}, {address=ac-ipildno-shard-00-01.7zsqiuv.mongodb.net:27017, type=UNKNOWN, state=CONNECTING, exception={com.mongodb.MongoSocketWriteException: Exception sending message}, caused by {javax.net.ssl.SSLException: (internal_error) Received fatal alert: internal_error}}]
	at org.springframework.data.mongodb.core.MongoExceptionTranslator.translateExceptionIfPossible(MongoExceptionTranslator.java:88)
	at org.springframework.data.mongodb.core.MongoTemplate.potentiallyConvertRuntimeException(MongoTemplate.java:3002)
	at org.springframework.data.mongodb.core.MongoTemplate.execute(MongoTemplate.java:603)
	at org.springframework.data.mongodb.core.DefaultIndexOperations.execute(DefaultIndexOperations.java:215)
	at org.springframework.data.mongodb.core.DefaultIndexOperations.ensureIndex(DefaultIndexOperations.java:119)
	at org.springframework.data.mongodb.core.index.MongoPersistentEntityIndexCreator.createIndex(MongoPersistentEntityIndexCreator.java:153)
	at org.springframework.data.mongodb.core.index.MongoPersistentEntityIndexCreator.checkForAndCreateIndexes(MongoPersistentEntityIndexCreator.java:143)
	at org.springframework.data.mongodb.core.index.MongoPersistentEntityIndexCreator.checkForIndexes(MongoPersistentEntityIndexCreator.java:127)
	at org.springframework.data.mongodb.core.index.MongoPersistentEntityIndexCreator.<init>(MongoPersistentEntityIndexCreator.java:96)
	at org.springframework.data.mongodb.core.index.MongoPersistentEntityIndexCreator.<init>(MongoPersistentEntityIndexCreator.java:73)
	at org.springframework.data.mongodb.core.MongoTemplate.<init>(MongoTemplate.java:263)
	at org.springframework.boot.autoconfigure.data.mongo.MongoDatabaseFactoryDependentConfiguration.mongoTemplate(MongoDatabaseFactoryDependentConfiguration.java:61)
	at java.base/jdk.internal.reflect.DirectMethodHandleAccessor.invoke(DirectMethodHandleAccessor.java:103)
	at java.base/java.lang.reflect.Method.invoke(Method.java:580)
	at org.springframework.beans.factory.support.SimpleInstantiationStrategy.instantiate(SimpleInstantiationStrategy.java:140)
	... 136 common frames omitted
Caused by: com.mongodb.MongoTimeoutException: Timed out after 30000 ms while waiting for a server that matches WritableServerSelector. Client view of cluster state is {type=REPLICA_SET, servers=[{address=ac-ipildno-shard-00-02.7zsqiuv.mongodb.net:27017, type=UNKNOWN, state=CONNECTING, exception={com.mongodb.MongoSocketWriteException: Exception sending message}, caused by {javax.net.ssl.SSLException: (internal_error) Received fatal alert: internal_error}}, {address=ac-ipildno-shard-00-00.7zsqiuv.mongodb.net:27017, type=UNKNOWN, state=CONNECTING, exception={com.mongodb.MongoSocketWriteException: Exception sending message}, caused by {javax.net.ssl.SSLException: (internal_error) Received fatal alert: internal_error}}, {address=ac-ipildno-shard-00-01.7zsqiuv.mongodb.net:27017, type=UNKNOWN, state=CONNECTING, exception={com.mongodb.MongoSocketWriteException: Exception sending message}, caused by {javax.net.ssl.SSLException: (internal_error) Received fatal alert: internal_error}}]
	at com.mongodb.internal.connection.BaseCluster.createTimeoutException(BaseCluster.java:380)
	at com.mongodb.internal.connection.BaseCluster.selectServer(BaseCluster.java:125)
	at com.mongodb.internal.connection.AbstractMultiServerCluster.selectServer(AbstractMultiServerCluster.java:54)
	at com.mongodb.internal.binding.ClusterBinding.getWriteConnectionSource(ClusterBinding.java:134)
	at com.mongodb.client.internal.ClientSessionBinding.getConnectionSource(ClientSessionBinding.java:128)
	at com.mongodb.client.internal.ClientSessionBinding.getWriteConnectionSource(ClientSessionBinding.java:102)
	at com.mongodb.internal.operation.SyncOperationHelper.withConnection(SyncOperationHelper.java:106)
	at com.mongodb.internal.operation.CreateIndexesOperation.execute(CreateIndexesOperation.java:129)
	at com.mongodb.internal.operation.CreateIndexesOperation.execute(CreateIndexesOperation.java:68)
	at com.mongodb.client.internal.MongoClientDelegate$DelegateOperationExecutor.execute(MongoClientDelegate.java:173)
	at com.mongodb.client.internal.MongoCollectionImpl.executeCreateIndexes(MongoCollectionImpl.java:913)
	at com.mongodb.client.internal.MongoCollectionImpl.createIndexes(MongoCollectionImpl.java:896)
	at com.mongodb.client.internal.MongoCollectionImpl.createIndexes(MongoCollectionImpl.java:891)
	at com.mongodb.client.internal.MongoCollectionImpl.createIndex(MongoCollectionImpl.java:876)
	at org.springframework.data.mongodb.core.DefaultIndexOperations.lambda$ensureIndex$0(DefaultIndexOperations.java:129)
	at org.springframework.data.mongodb.core.MongoTemplate.execute(MongoTemplate.java:601)
	... 148 common frames omitted
2026-05-24 15:56:48 [main] INFO  o.s.t.c.s.AnnotationConfigContextLoaderUtils - Could not detect default configuration classes for test class [com.tanuj.Spring.Boot.Service.UserServiceTests]: UserServiceTests does not declare any static, non-private, non-final, nested classes annotated with @Configuration.
2026-05-24 15:56:48 [main] INFO  o.s.b.t.c.SpringBootTestContextBootstrapper - Found @SpringBootConfiguration com.tanuj.Spring.Boot.Application for test class com.tanuj.Spring.Boot.Service.UserServiceTests
2026-05-24 15:56:48 [main] WARN  o.s.test.context.TestContextManager - Caught exception while allowing TestExecutionListener [org.springframework.test.context.web.ServletTestExecutionListener] to prepare test instance [com.tanuj.Spring.Boot.Service.UserServiceTests@b5d9f1e]
java.lang.IllegalStateException: ApplicationContext failure threshold (1) exceeded: skipping repeated attempt to load context for [WebMergedContextConfiguration@113dcaf8 testClass = com.tanuj.Spring.Boot.Service.UserServiceTests, locations = [], classes = [com.tanuj.Spring.Boot.Application], contextInitializerClasses = [], activeProfiles = [], propertySourceDescriptors = [], propertySourceProperties = ["org.springframework.boot.test.context.SpringBootTestContextBootstrapper=true"], contextCustomizers = [org.springframework.boot.test.context.filter.ExcludeFilterContextCustomizer@46944ca9, org.springframework.boot.test.json.DuplicateJsonObjectContextCustomizerFactory$DuplicateJsonObjectContextCustomizer@5674e1f2, org.springframework.boot.test.mock.mockito.MockitoContextCustomizer@0, org.springframework.boot.test.web.client.TestRestTemplateContextCustomizer@6986bbaf, org.springframework.boot.test.autoconfigure.actuate.observability.ObservabilityContextCustomizerFactory$DisableObservabilityContextCustomizer@1f, org.springframework.boot.test.autoconfigure.properties.PropertyMappingContextCustomizer@0, org.springframework.boot.test.autoconfigure.web.servlet.WebDriverContextCustomizer@2fc6f97f, org.springframework.boot.test.context.SpringBootTestAnnotation@410067ad], resourceBasePath = "src/main/webapp", contextLoader = org.springframework.boot.test.context.SpringBootContextLoader, parent = null]
	at org.springframework.test.context.cache.DefaultCacheAwareContextLoaderDelegate.loadContext(DefaultCacheAwareContextLoaderDelegate.java:145)
	at org.springframework.test.context.support.DefaultTestContext.getApplicationContext(DefaultTestContext.java:130)
	at org.springframework.test.context.web.ServletTestExecutionListener.setUpRequestContextIfNecessary(ServletTestExecutionListener.java:191)
	at org.springframework.test.context.web.ServletTestExecutionListener.prepareTestInstance(ServletTestExecutionListener.java:130)
	at org.springframework.test.context.TestContextManager.prepareTestInstance(TestContextManager.java:260)
	at org.springframework.test.context.junit.jupiter.SpringExtension.postProcessTestInstance(SpringExtension.java:163)
	at org.junit.jupiter.engine.descriptor.ClassBasedTestDescriptor.lambda$invokeTestInstancePostProcessors$10(ClassBasedTestDescriptor.java:378)
	at org.junit.jupiter.engine.descriptor.ClassBasedTestDescriptor.executeAndMaskThrowable(ClassBasedTestDescriptor.java:383)
	at org.junit.jupiter.engine.descriptor.ClassBasedTestDescriptor.lambda$invokeTestInstancePostProcessors$11(ClassBasedTestDescriptor.java:378)
	at java.base/java.util.stream.ReferencePipeline$3$1.accept(ReferencePipeline.java:197)
	at java.base/java.util.stream.ReferencePipeline$2$1.accept(ReferencePipeline.java:179)
	at java.base/java.util.ArrayList$ArrayListSpliterator.forEachRemaining(ArrayList.java:1708)
	at java.base/java.util.stream.AbstractPipeline.copyInto(AbstractPipeline.java:509)
	at java.base/java.util.stream.AbstractPipeline.wrapAndCopyInto(AbstractPipeline.java:499)
	at java.base/java.util.stream.StreamSpliterators$WrappingSpliterator.forEachRemaining(StreamSpliterators.java:310)
	at java.base/java.util.stream.Streams$ConcatSpliterator.forEachRemaining(Streams.java:735)
	at java.base/java.util.stream.Streams$ConcatSpliterator.forEachRemaining(Streams.java:734)
	at java.base/java.util.stream.ReferencePipeline$Head.forEach(ReferencePipeline.java:762)
	at org.junit.jupiter.engine.descriptor.ClassBasedTestDescriptor.invokeTestInstancePostProcessors(ClassBasedTestDescriptor.java:377)
	at org.junit.jupiter.engine.descriptor.ClassBasedTestDescriptor.lambda$instantiateAndPostProcessTestInstance$6(ClassBasedTestDescriptor.java:290)
	at org.junit.platform.engine.support.hierarchical.ThrowableCollector.execute(ThrowableCollector.java:73)
	at org.junit.jupiter.engine.descriptor.ClassBasedTestDescriptor.instantiateAndPostProcessTestInstance(ClassBasedTestDescriptor.java:289)
	at org.junit.jupiter.engine.descriptor.ClassBasedTestDescriptor.lambda$testInstancesProvider$4(ClassBasedTestDescriptor.java:279)
	at java.base/java.util.Optional.orElseGet(Optional.java:364)
	at org.junit.jupiter.engine.descriptor.ClassBasedTestDescriptor.lambda$testInstancesProvider$5(ClassBasedTestDescriptor.java:278)
	at org.junit.jupiter.engine.execution.TestInstancesProvider.getTestInstances(TestInstancesProvider.java:31)
	at org.junit.jupiter.engine.descriptor.TestMethodTestDescriptor.lambda$prepare$0(TestMethodTestDescriptor.java:106)
	at org.junit.platform.engine.support.hierarchical.ThrowableCollector.execute(ThrowableCollector.java:73)
	at org.junit.jupiter.engine.descriptor.TestMethodTestDescriptor.prepare(TestMethodTestDescriptor.java:105)
	at org.junit.jupiter.engine.descriptor.TestMethodTestDescriptor.prepare(TestMethodTestDescriptor.java:69)
	at org.junit.platform.engine.support.hierarchical.NodeTestTask.lambda$prepare$2(NodeTestTask.java:123)
	at org.junit.platform.engine.support.hierarchical.ThrowableCollector.execute(ThrowableCollector.java:73)
	at org.junit.platform.engine.support.hierarchical.NodeTestTask.prepare(NodeTestTask.java:123)
	at org.junit.platform.engine.support.hierarchical.NodeTestTask.execute(NodeTestTask.java:90)
	at java.base/java.util.ArrayList.forEach(ArrayList.java:1596)
	at org.junit.platform.engine.support.hierarchical.SameThreadHierarchicalTestExecutorService.invokeAll(SameThreadHierarchicalTestExecutorService.java:41)
	at org.junit.platform.engine.support.hierarchical.NodeTestTask.lambda$executeRecursively$6(NodeTestTask.java:155)
	at org.junit.platform.engine.support.hierarchical.ThrowableCollector.execute(ThrowableCollector.java:73)
	at org.junit.platform.engine.support.hierarchical.NodeTestTask.lambda$executeRecursively$8(NodeTestTask.java:141)
	at org.junit.platform.engine.support.hierarchical.Node.around(Node.java:137)
	at org.junit.platform.engine.support.hierarchical.NodeTestTask.lambda$executeRecursively$9(NodeTestTask.java:139)
	at org.junit.platform.engine.support.hierarchical.ThrowableCollector.execute(ThrowableCollector.java:73)
	at org.junit.platform.engine.support.hierarchical.NodeTestTask.executeRecursively(NodeTestTask.java:138)
	at org.junit.platform.engine.support.hierarchical.NodeTestTask.execute(NodeTestTask.java:95)
	at java.base/java.util.ArrayList.forEach(ArrayList.java:1596)
	at org.junit.platform.engine.support.hierarchical.SameThreadHierarchicalTestExecutorService.invokeAll(SameThreadHierarchicalTestExecutorService.java:41)
	at org.junit.platform.engine.support.hierarchical.NodeTestTask.lambda$executeRecursively$6(NodeTestTask.java:155)
	at org.junit.platform.engine.support.hierarchical.ThrowableCollector.execute(ThrowableCollector.java:73)
	at org.junit.platform.engine.support.hierarchical.NodeTestTask.lambda$executeRecursively$8(NodeTestTask.java:141)
	at org.junit.platform.engine.support.hierarchical.Node.around(Node.java:137)
	at org.junit.platform.engine.support.hierarchical.NodeTestTask.lambda$executeRecursively$9(NodeTestTask.java:139)
	at org.junit.platform.engine.support.hierarchical.ThrowableCollector.execute(ThrowableCollector.java:73)
	at org.junit.platform.engine.support.hierarchical.NodeTestTask.executeRecursively(NodeTestTask.java:138)
	at org.junit.platform.engine.support.hierarchical.NodeTestTask.execute(NodeTestTask.java:95)
	at org.junit.platform.engine.support.hierarchical.SameThreadHierarchicalTestExecutorService.submit(SameThreadHierarchicalTestExecutorService.java:35)
	at org.junit.platform.engine.support.hierarchical.HierarchicalTestExecutor.execute(HierarchicalTestExecutor.java:57)
	at org.junit.platform.engine.support.hierarchical.HierarchicalTestEngine.execute(HierarchicalTestEngine.java:54)
	at org.junit.platform.launcher.core.EngineExecutionOrchestrator.execute(EngineExecutionOrchestrator.java:198)
	at org.junit.platform.launcher.core.EngineExecutionOrchestrator.execute(EngineExecutionOrchestrator.java:169)
	at org.junit.platform.launcher.core.EngineExecutionOrchestrator.execute(EngineExecutionOrchestrator.java:93)
	at org.junit.platform.launcher.core.EngineExecutionOrchestrator.lambda$execute$0(EngineExecutionOrchestrator.java:58)
	at org.junit.platform.launcher.core.EngineExecutionOrchestrator.withInterceptedStreams(EngineExecutionOrchestrator.java:141)
	at org.junit.platform.launcher.core.EngineExecutionOrchestrator.execute(EngineExecutionOrchestrator.java:57)
	at org.junit.platform.launcher.core.DefaultLauncher.execute(DefaultLauncher.java:103)
	at org.junit.platform.launcher.core.DefaultLauncher.execute(DefaultLauncher.java:85)
	at org.junit.platform.launcher.core.DelegatingLauncher.execute(DelegatingLauncher.java:47)
	at org.apache.maven.surefire.junitplatform.LazyLauncher.execute(LazyLauncher.java:56)
	at org.apache.maven.surefire.junitplatform.JUnitPlatformProvider.execute(JUnitPlatformProvider.java:184)
	at org.apache.maven.surefire.junitplatform.JUnitPlatformProvider.invokeAllTests(JUnitPlatformProvider.java:148)
	at org.apache.maven.surefire.junitplatform.JUnitPlatformProvider.invoke(JUnitPlatformProvider.java:122)
	at org.apache.maven.surefire.booter.ForkedBooter.runSuitesInProcess(ForkedBooter.java:385)
	at org.apache.maven.surefire.booter.ForkedBooter.execute(ForkedBooter.java:162)
	at org.apache.maven.surefire.booter.ForkedBooter.run(ForkedBooter.java:507)
	at org.apache.maven.surefire.booter.ForkedBooter.main(ForkedBooter.java:495)
2026-05-24 17:41:14 [main] INFO  com.tanuj.Spring.Boot.Application - Starting Application using Java 21.0.11 with PID 21080 (D:\Tanuj\Spring Boot\Spring-Boot\target\classes started by tanuj in D:\Tanuj\Spring Boot\Spring-Boot)
2026-05-24 17:41:14 [main] INFO  com.tanuj.Spring.Boot.Application - The following 1 profile is active: "dev"
2026-05-24 17:41:14 [main] INFO  o.s.d.r.c.RepositoryConfigurationDelegate - Bootstrapping Spring Data MongoDB repositories in DEFAULT mode.
2026-05-24 17:41:14 [main] INFO  o.s.d.r.c.RepositoryConfigurationDelegate - Finished Spring Data repository scanning in 56 ms. Found 2 MongoDB repository interfaces.
2026-05-24 17:41:15 [main] INFO  o.s.b.w.e.tomcat.TomcatWebServer - Tomcat initialized with port 8080 (http)
2026-05-24 17:41:15 [main] INFO  o.a.coyote.http11.Http11NioProtocol - Initializing ProtocolHandler ["http-nio-8080"]
2026-05-24 17:41:15 [main] INFO  o.a.catalina.core.StandardService - Starting service [Tomcat]
2026-05-24 17:41:15 [main] INFO  o.a.catalina.core.StandardEngine - Starting Servlet engine: [Apache Tomcat/10.1.20]
2026-05-24 17:41:15 [main] INFO  o.a.c.c.C.[Tomcat].[localhost].[/] - Initializing Spring embedded WebApplicationContext
2026-05-24 17:41:15 [main] INFO  o.s.b.w.s.c.ServletWebServerApplicationContext - Root WebApplicationContext: initialization completed in 1206 ms
2026-05-24 17:41:15 [main] INFO  org.mongodb.driver.client - MongoClient with metadata {"driver": {"name": "mongo-java-driver|sync|spring-boot", "version": "4.11.2"}, "os": {"type": "Windows", "name": "Windows 11", "architecture": "amd64", "version": "10.0"}, "platform": "Java/Eclipse Adoptium/21.0.11+10-LTS"} created with settings MongoClientSettings{readPreference=primary, writeConcern=WriteConcern{w=majority, wTimeout=null ms, journal=null}, retryWrites=true, retryReads=true, readConcern=ReadConcern{level=null}, credential=MongoCredential{mechanism=null, userName='tanujpratapsingh08_db_user', source='admin', password=<hidden>, mechanismProperties=<hidden>}, transportSettings=null, streamFactoryFactory=null, commandListeners=[], codecRegistry=ProvidersCodecRegistry{codecProviders=[ValueCodecProvider{}, BsonValueCodecProvider{}, DBRefCodecProvider{}, DBObjectCodecProvider{}, DocumentCodecProvider{}, CollectionCodecProvider{}, IterableCodecProvider{}, MapCodecProvider{}, GeoJsonCodecProvider{}, GridFSFileCodecProvider{}, Jsr310CodecProvider{}, JsonObjectCodecProvider{}, BsonCodecProvider{}, EnumCodecProvider{}, com.mongodb.client.model.mql.ExpressionCodecProvider@186d8a71, com.mongodb.Jep395RecordCodecProvider@3dc40ab9, com.mongodb.KotlinCodecProvider@2db6d68d]}, loggerSettings=LoggerSettings{maxDocumentLength=1000}, clusterSettings={hosts=[127.0.0.1:27017], srvHost=cluster0.7zsqiuv.mongodb.net, srvServiceName=mongodb, mode=MULTIPLE, requiredClusterType=REPLICA_SET, requiredReplicaSetName='atlas-bc7sz8-shard-0', serverSelector='null', clusterListeners='[]', serverSelectionTimeout='30000 ms', localThreshold='15 ms'}, socketSettings=SocketSettings{connectTimeoutMS=10000, readTimeoutMS=0, receiveBufferSize=0, proxySettings=ProxySettings{host=null, port=null, username=null, password=null}}, heartbeatSocketSettings=SocketSettings{connectTimeoutMS=10000, readTimeoutMS=10000, receiveBufferSize=0, proxySettings=ProxySettings{host=null, port=null, username=null, password=null}}, connectionPoolSettings=ConnectionPoolSettings{maxSize=100, minSize=0, maxWaitTimeMS=120000, maxConnectionLifeTimeMS=0, maxConnectionIdleTimeMS=0, maintenanceInitialDelayMS=0, maintenanceFrequencyMS=60000, connectionPoolListeners=[], maxConnecting=2}, serverSettings=ServerSettings{heartbeatFrequencyMS=10000, minHeartbeatFrequencyMS=500, serverListeners='[]', serverMonitorListeners='[]'}, sslSettings=SslSettings{enabled=true, invalidHostNameAllowed=false, context=null}, applicationName='null', compressorList=[], uuidRepresentation=JAVA_LEGACY, serverApi=null, autoEncryptionSettings=null, dnsClient=null, inetAddressResolver=null, contextProvider=null}
2026-05-24 17:41:15 [cluster-ClusterId{value='6a12eae3ddc089574a2fd2c3', description='null'}-srv-cluster0.7zsqiuv.mongodb.net] INFO  org.mongodb.driver.cluster - Adding discovered server ac-ipildno-shard-00-01.7zsqiuv.mongodb.net:27017 to client view of cluster
2026-05-24 17:41:15 [cluster-ClusterId{value='6a12eae3ddc089574a2fd2c3', description='null'}-srv-cluster0.7zsqiuv.mongodb.net] INFO  org.mongodb.driver.cluster - Adding discovered server ac-ipildno-shard-00-00.7zsqiuv.mongodb.net:27017 to client view of cluster
2026-05-24 17:41:15 [cluster-ClusterId{value='6a12eae3ddc089574a2fd2c3', description='null'}-srv-cluster0.7zsqiuv.mongodb.net] INFO  org.mongodb.driver.cluster - Adding discovered server ac-ipildno-shard-00-02.7zsqiuv.mongodb.net:27017 to client view of cluster
2026-05-24 17:41:16 [main] INFO  org.mongodb.driver.cluster - No server chosen by WritableServerSelector from cluster description ClusterDescription{type=REPLICA_SET, connectionMode=MULTIPLE, serverDescriptions=[ServerDescription{address=ac-ipildno-shard-00-02.7zsqiuv.mongodb.net:27017, type=UNKNOWN, state=CONNECTING}, ServerDescription{address=ac-ipildno-shard-00-00.7zsqiuv.mongodb.net:27017, type=UNKNOWN, state=CONNECTING}, ServerDescription{address=ac-ipildno-shard-00-01.7zsqiuv.mongodb.net:27017, type=UNKNOWN, state=CONNECTING}]}. Waiting for 30000 ms before timing out
2026-05-24 17:41:16 [cluster-ClusterId{value='6a12eae3ddc089574a2fd2c3', description='null'}-ac-ipildno-shard-00-00.7zsqiuv.mongodb.net:27017] INFO  org.mongodb.driver.cluster - Monitor thread successfully connected to server with description ServerDescription{address=ac-ipildno-shard-00-00.7zsqiuv.mongodb.net:27017, type=REPLICA_SET_SECONDARY, state=CONNECTED, ok=true, minWireVersion=0, maxWireVersion=25, maxDocumentSize=16777216, logicalSessionTimeoutMinutes=30, roundTripTimeNanos=399666400, setName='atlas-bc7sz8-shard-0', canonicalAddress=ac-ipildno-shard-00-00.7zsqiuv.mongodb.net:27017, hosts=[ac-ipildno-shard-00-02.7zsqiuv.mongodb.net:27017, ac-ipildno-shard-00-01.7zsqiuv.mongodb.net:27017, ac-ipildno-shard-00-00.7zsqiuv.mongodb.net:27017], passives=[], arbiters=[], primary='ac-ipildno-shard-00-02.7zsqiuv.mongodb.net:27017', tagSet=TagSet{[Tag{name='availabilityZone', value='aps1-az1'}, Tag{name='cacheState', value='READY'}, Tag{name='diskState', value='READY'}, Tag{name='nodeType', value='ELECTABLE'}, Tag{name='provider', value='AWS'}, Tag{name='region', value='AP_SOUTH_1'}, Tag{name='workloadType', value='OPERATIONAL'}]}, electionId=null, setVersion=195, topologyVersion=TopologyVersion{processId=6a11d224b877d25a4d507e92, counter=5}, lastWriteDate=Sun May 24 17:41:08 IST 2026, lastUpdateTimeNanos=12167745206100}
2026-05-24 17:41:16 [cluster-ClusterId{value='6a12eae3ddc089574a2fd2c3', description='null'}-ac-ipildno-shard-00-02.7zsqiuv.mongodb.net:27017] INFO  org.mongodb.driver.cluster - Monitor thread successfully connected to server with description ServerDescription{address=ac-ipildno-shard-00-02.7zsqiuv.mongodb.net:27017, type=REPLICA_SET_PRIMARY, state=CONNECTED, ok=true, minWireVersion=0, maxWireVersion=25, maxDocumentSize=16777216, logicalSessionTimeoutMinutes=30, roundTripTimeNanos=414302300, setName='atlas-bc7sz8-shard-0', canonicalAddress=ac-ipildno-shard-00-02.7zsqiuv.mongodb.net:27017, hosts=[ac-ipildno-shard-00-02.7zsqiuv.mongodb.net:27017, ac-ipildno-shard-00-01.7zsqiuv.mongodb.net:27017, ac-ipildno-shard-00-00.7zsqiuv.mongodb.net:27017], passives=[], arbiters=[], primary='ac-ipildno-shard-00-02.7zsqiuv.mongodb.net:27017', tagSet=TagSet{[Tag{name='availabilityZone', value='aps1-az2'}, Tag{name='cacheState', value='READY'}, Tag{name='diskState', value='READY'}, Tag{name='nodeType', value='ELECTABLE'}, Tag{name='provider', value='AWS'}, Tag{name='region', value='AP_SOUTH_1'}, Tag{name='workloadType', value='OPERATIONAL'}]}, electionId=7fffffff00000000000002ca, setVersion=195, topologyVersion=TopologyVersion{processId=6a11d4f654d1733c139e43e3, counter=6}, lastWriteDate=Sun May 24 17:41:08 IST 2026, lastUpdateTimeNanos=12167759906800}
2026-05-24 17:41:16 [cluster-ClusterId{value='6a12eae3ddc089574a2fd2c3', description='null'}-ac-ipildno-shard-00-02.7zsqiuv.mongodb.net:27017] INFO  org.mongodb.driver.cluster - Discovered replica set primary ac-ipildno-shard-00-02.7zsqiuv.mongodb.net:27017 with max election id 7fffffff00000000000002ca and max set version 195
2026-05-24 17:41:16 [cluster-ClusterId{value='6a12eae3ddc089574a2fd2c3', description='null'}-ac-ipildno-shard-00-01.7zsqiuv.mongodb.net:27017] INFO  org.mongodb.driver.cluster - Monitor thread successfully connected to server with description ServerDescription{address=ac-ipildno-shard-00-01.7zsqiuv.mongodb.net:27017, type=REPLICA_SET_SECONDARY, state=CONNECTED, ok=true, minWireVersion=0, maxWireVersion=25, maxDocumentSize=16777216, logicalSessionTimeoutMinutes=30, roundTripTimeNanos=418306500, setName='atlas-bc7sz8-shard-0', canonicalAddress=ac-ipildno-shard-00-01.7zsqiuv.mongodb.net:27017, hosts=[ac-ipildno-shard-00-02.7zsqiuv.mongodb.net:27017, ac-ipildno-shard-00-01.7zsqiuv.mongodb.net:27017, ac-ipildno-shard-00-00.7zsqiuv.mongodb.net:27017], passives=[], arbiters=[], primary='ac-ipildno-shard-00-02.7zsqiuv.mongodb.net:27017', tagSet=TagSet{[Tag{name='availabilityZone', value='aps1-az3'}, Tag{name='cacheState', value='READY'}, Tag{name='diskState', value='READY'}, Tag{name='nodeType', value='ELECTABLE'}, Tag{name='provider', value='AWS'}, Tag{name='region', value='AP_SOUTH_1'}, Tag{name='workloadType', value='OPERATIONAL'}]}, electionId=null, setVersion=195, topologyVersion=TopologyVersion{processId=6a11d7e0e594f0dd8db05c60, counter=3}, lastWriteDate=Sun May 24 17:41:08 IST 2026, lastUpdateTimeNanos=12167762590200}
2026-05-24 17:41:17 [main] INFO  o.s.s.web.DefaultSecurityFilterChain - Will secure any request with [org.springframework.security.web.session.DisableEncodeUrlFilter@3dfe59d7, org.springframework.security.web.context.request.async.WebAsyncManagerIntegrationFilter@1be8c122, org.springframework.security.web.context.SecurityContextHolderFilter@8bc0696, org.springframework.security.web.header.HeaderWriterFilter@30c01c37, org.springframework.web.filter.CorsFilter@5d08976a, org.springframework.security.web.authentication.logout.LogoutFilter@5e51ec2e, org.springframework.security.web.authentication.www.BasicAuthenticationFilter@5a0f87e5, org.springframework.security.web.savedrequest.RequestCacheAwareFilter@270f28cf, org.springframework.security.web.servletapi.SecurityContextHolderAwareRequestFilter@2e1add6f, org.springframework.security.web.authentication.AnonymousAuthenticationFilter@59a2d756, org.springframework.security.web.session.SessionManagementFilter@4b508371, org.springframework.security.web.access.ExceptionTranslationFilter@48368a08, org.springframework.security.web.access.intercept.AuthorizationFilter@6d001fbe]
2026-05-24 17:41:18 [main] INFO  o.a.coyote.http11.Http11NioProtocol - Starting ProtocolHandler ["http-nio-8080"]
2026-05-24 17:41:18 [main] INFO  o.s.b.w.e.tomcat.TomcatWebServer - Tomcat started on port 8080 (http) with context path ''
2026-05-24 17:41:18 [main] INFO  com.tanuj.Spring.Boot.Application - Started Application in 4.313 seconds (process running for 4.779)
2026-05-24 17:45:22 [http-nio-8080-exec-1] INFO  o.a.c.c.C.[Tomcat].[localhost].[/] - Initializing Spring DispatcherServlet 'dispatcherServlet'
2026-05-24 17:45:22 [http-nio-8080-exec-1] INFO  o.s.web.servlet.DispatcherServlet - Initializing Servlet 'dispatcherServlet'
2026-05-24 17:45:22 [http-nio-8080-exec-1] INFO  o.s.web.servlet.DispatcherServlet - Completed initialization in 2 ms
2026-05-24 18:14:39 [main] INFO  com.tanuj.Spring.Boot.Application - Starting Application using Java 21.0.11 with PID 17452 (D:\Tanuj\Spring Boot\Spring-Boot\target\classes started by tanuj in D:\Tanuj\Spring Boot\Spring-Boot)
2026-05-24 18:14:39 [main] INFO  com.tanuj.Spring.Boot.Application - The following 1 profile is active: "dev"
2026-05-24 18:14:40 [main] INFO  o.s.d.r.c.RepositoryConfigurationDelegate - Bootstrapping Spring Data MongoDB repositories in DEFAULT mode.
2026-05-24 18:14:40 [main] INFO  o.s.d.r.c.RepositoryConfigurationDelegate - Finished Spring Data repository scanning in 57 ms. Found 2 MongoDB repository interfaces.
2026-05-24 18:14:40 [main] INFO  o.s.b.w.e.tomcat.TomcatWebServer - Tomcat initialized with port 8080 (http)
2026-05-24 18:14:40 [main] INFO  o.a.coyote.http11.Http11NioProtocol - Initializing ProtocolHandler ["http-nio-8080"]
2026-05-24 18:14:40 [main] INFO  o.a.catalina.core.StandardService - Starting service [Tomcat]
2026-05-24 18:14:40 [main] INFO  o.a.catalina.core.StandardEngine - Starting Servlet engine: [Apache Tomcat/10.1.20]
2026-05-24 18:14:41 [main] INFO  o.a.c.c.C.[Tomcat].[localhost].[/] - Initializing Spring embedded WebApplicationContext
2026-05-24 18:14:41 [main] INFO  o.s.b.w.s.c.ServletWebServerApplicationContext - Root WebApplicationContext: initialization completed in 1192 ms
2026-05-24 18:14:41 [main] INFO  org.mongodb.driver.client - MongoClient with metadata {"driver": {"name": "mongo-java-driver|sync|spring-boot", "version": "4.11.2"}, "os": {"type": "Windows", "name": "Windows 11", "architecture": "amd64", "version": "10.0"}, "platform": "Java/Eclipse Adoptium/21.0.11+10-LTS"} created with settings MongoClientSettings{readPreference=primary, writeConcern=WriteConcern{w=majority, wTimeout=null ms, journal=null}, retryWrites=true, retryReads=true, readConcern=ReadConcern{level=null}, credential=MongoCredential{mechanism=null, userName='tanujpratapsingh08_db_user', source='admin', password=<hidden>, mechanismProperties=<hidden>}, transportSettings=null, streamFactoryFactory=null, commandListeners=[], codecRegistry=ProvidersCodecRegistry{codecProviders=[ValueCodecProvider{}, BsonValueCodecProvider{}, DBRefCodecProvider{}, DBObjectCodecProvider{}, DocumentCodecProvider{}, CollectionCodecProvider{}, IterableCodecProvider{}, MapCodecProvider{}, GeoJsonCodecProvider{}, GridFSFileCodecProvider{}, Jsr310CodecProvider{}, JsonObjectCodecProvider{}, BsonCodecProvider{}, EnumCodecProvider{}, com.mongodb.client.model.mql.ExpressionCodecProvider@19489b27, com.mongodb.Jep395RecordCodecProvider@626d2016, com.mongodb.KotlinCodecProvider@2d5a1588]}, loggerSettings=LoggerSettings{maxDocumentLength=1000}, clusterSettings={hosts=[127.0.0.1:27017], srvHost=cluster0.7zsqiuv.mongodb.net, srvServiceName=mongodb, mode=MULTIPLE, requiredClusterType=REPLICA_SET, requiredReplicaSetName='atlas-bc7sz8-shard-0', serverSelector='null', clusterListeners='[]', serverSelectionTimeout='30000 ms', localThreshold='15 ms'}, socketSettings=SocketSettings{connectTimeoutMS=10000, readTimeoutMS=0, receiveBufferSize=0, proxySettings=ProxySettings{host=null, port=null, username=null, password=null}}, heartbeatSocketSettings=SocketSettings{connectTimeoutMS=10000, readTimeoutMS=10000, receiveBufferSize=0, proxySettings=ProxySettings{host=null, port=null, username=null, password=null}}, connectionPoolSettings=ConnectionPoolSettings{maxSize=100, minSize=0, maxWaitTimeMS=120000, maxConnectionLifeTimeMS=0, maxConnectionIdleTimeMS=0, maintenanceInitialDelayMS=0, maintenanceFrequencyMS=60000, connectionPoolListeners=[], maxConnecting=2}, serverSettings=ServerSettings{heartbeatFrequencyMS=10000, minHeartbeatFrequencyMS=500, serverListeners='[]', serverMonitorListeners='[]'}, sslSettings=SslSettings{enabled=true, invalidHostNameAllowed=false, context=null}, applicationName='null', compressorList=[], uuidRepresentation=JAVA_LEGACY, serverApi=null, autoEncryptionSettings=null, dnsClient=null, inetAddressResolver=null, contextProvider=null}
2026-05-24 18:14:41 [cluster-ClusterId{value='6a12f2b994fcb85bda04f728', description='null'}-srv-cluster0.7zsqiuv.mongodb.net] INFO  org.mongodb.driver.cluster - Adding discovered server ac-ipildno-shard-00-01.7zsqiuv.mongodb.net:27017 to client view of cluster
2026-05-24 18:14:41 [cluster-ClusterId{value='6a12f2b994fcb85bda04f728', description='null'}-srv-cluster0.7zsqiuv.mongodb.net] INFO  org.mongodb.driver.cluster - Adding discovered server ac-ipildno-shard-00-00.7zsqiuv.mongodb.net:27017 to client view of cluster
2026-05-24 18:14:41 [cluster-ClusterId{value='6a12f2b994fcb85bda04f728', description='null'}-srv-cluster0.7zsqiuv.mongodb.net] INFO  org.mongodb.driver.cluster - Adding discovered server ac-ipildno-shard-00-02.7zsqiuv.mongodb.net:27017 to client view of cluster
2026-05-24 18:14:41 [main] INFO  org.mongodb.driver.cluster - No server chosen by WritableServerSelector from cluster description ClusterDescription{type=REPLICA_SET, connectionMode=MULTIPLE, serverDescriptions=[ServerDescription{address=ac-ipildno-shard-00-02.7zsqiuv.mongodb.net:27017, type=UNKNOWN, state=CONNECTING}, ServerDescription{address=ac-ipildno-shard-00-00.7zsqiuv.mongodb.net:27017, type=UNKNOWN, state=CONNECTING}, ServerDescription{address=ac-ipildno-shard-00-01.7zsqiuv.mongodb.net:27017, type=UNKNOWN, state=CONNECTING}]}. Waiting for 30000 ms before timing out
2026-05-24 18:14:42 [cluster-ClusterId{value='6a12f2b994fcb85bda04f728', description='null'}-ac-ipildno-shard-00-02.7zsqiuv.mongodb.net:27017] INFO  org.mongodb.driver.cluster - Monitor thread successfully connected to server with description ServerDescription{address=ac-ipildno-shard-00-02.7zsqiuv.mongodb.net:27017, type=REPLICA_SET_PRIMARY, state=CONNECTED, ok=true, minWireVersion=0, maxWireVersion=25, maxDocumentSize=16777216, logicalSessionTimeoutMinutes=30, roundTripTimeNanos=373878800, setName='atlas-bc7sz8-shard-0', canonicalAddress=ac-ipildno-shard-00-02.7zsqiuv.mongodb.net:27017, hosts=[ac-ipildno-shard-00-02.7zsqiuv.mongodb.net:27017, ac-ipildno-shard-00-01.7zsqiuv.mongodb.net:27017, ac-ipildno-shard-00-00.7zsqiuv.mongodb.net:27017], passives=[], arbiters=[], primary='ac-ipildno-shard-00-02.7zsqiuv.mongodb.net:27017', tagSet=TagSet{[Tag{name='availabilityZone', value='aps1-az2'}, Tag{name='cacheState', value='READY'}, Tag{name='diskState', value='READY'}, Tag{name='nodeType', value='ELECTABLE'}, Tag{name='provider', value='AWS'}, Tag{name='region', value='AP_SOUTH_1'}, Tag{name='workloadType', value='OPERATIONAL'}]}, electionId=7fffffff00000000000002ca, setVersion=195, topologyVersion=TopologyVersion{processId=6a11d4f654d1733c139e43e3, counter=6}, lastWriteDate=Sun May 24 18:14:34 IST 2026, lastUpdateTimeNanos=14173426403400}
2026-05-24 18:14:42 [cluster-ClusterId{value='6a12f2b994fcb85bda04f728', description='null'}-ac-ipildno-shard-00-00.7zsqiuv.mongodb.net:27017] INFO  org.mongodb.driver.cluster - Monitor thread successfully connected to server with description ServerDescription{address=ac-ipildno-shard-00-00.7zsqiuv.mongodb.net:27017, type=REPLICA_SET_SECONDARY, state=CONNECTED, ok=true, minWireVersion=0, maxWireVersion=25, maxDocumentSize=16777216, logicalSessionTimeoutMinutes=30, roundTripTimeNanos=400816100, setName='atlas-bc7sz8-shard-0', canonicalAddress=ac-ipildno-shard-00-00.7zsqiuv.mongodb.net:27017, hosts=[ac-ipildno-shard-00-02.7zsqiuv.mongodb.net:27017, ac-ipildno-shard-00-01.7zsqiuv.mongodb.net:27017, ac-ipildno-shard-00-00.7zsqiuv.mongodb.net:27017], passives=[], arbiters=[], primary='ac-ipildno-shard-00-02.7zsqiuv.mongodb.net:27017', tagSet=TagSet{[Tag{name='availabilityZone', value='aps1-az1'}, Tag{name='cacheState', value='READY'}, Tag{name='diskState', value='READY'}, Tag{name='nodeType', value='ELECTABLE'}, Tag{name='provider', value='AWS'}, Tag{name='region', value='AP_SOUTH_1'}, Tag{name='workloadType', value='OPERATIONAL'}]}, electionId=null, setVersion=195, topologyVersion=TopologyVersion{processId=6a11d224b877d25a4d507e92, counter=5}, lastWriteDate=Sun May 24 18:14:34 IST 2026, lastUpdateTimeNanos=14173424749600}
2026-05-24 18:14:42 [cluster-ClusterId{value='6a12f2b994fcb85bda04f728', description='null'}-ac-ipildno-shard-00-01.7zsqiuv.mongodb.net:27017] INFO  org.mongodb.driver.cluster - Monitor thread successfully connected to server with description ServerDescription{address=ac-ipildno-shard-00-01.7zsqiuv.mongodb.net:27017, type=REPLICA_SET_SECONDARY, state=CONNECTED, ok=true, minWireVersion=0, maxWireVersion=25, maxDocumentSize=16777216, logicalSessionTimeoutMinutes=30, roundTripTimeNanos=410287300, setName='atlas-bc7sz8-shard-0', canonicalAddress=ac-ipildno-shard-00-01.7zsqiuv.mongodb.net:27017, hosts=[ac-ipildno-shard-00-02.7zsqiuv.mongodb.net:27017, ac-ipildno-shard-00-01.7zsqiuv.mongodb.net:27017, ac-ipildno-shard-00-00.7zsqiuv.mongodb.net:27017], passives=[], arbiters=[], primary='ac-ipildno-shard-00-02.7zsqiuv.mongodb.net:27017', tagSet=TagSet{[Tag{name='availabilityZone', value='aps1-az3'}, Tag{name='cacheState', value='READY'}, Tag{name='diskState', value='READY'}, Tag{name='nodeType', value='ELECTABLE'}, Tag{name='provider', value='AWS'}, Tag{name='region', value='AP_SOUTH_1'}, Tag{name='workloadType', value='OPERATIONAL'}]}, electionId=null, setVersion=195, topologyVersion=TopologyVersion{processId=6a11d7e0e594f0dd8db05c60, counter=3}, lastWriteDate=Sun May 24 18:14:34 IST 2026, lastUpdateTimeNanos=14173424681000}
2026-05-24 18:14:42 [cluster-ClusterId{value='6a12f2b994fcb85bda04f728', description='null'}-ac-ipildno-shard-00-02.7zsqiuv.mongodb.net:27017] INFO  org.mongodb.driver.cluster - Discovered replica set primary ac-ipildno-shard-00-02.7zsqiuv.mongodb.net:27017 with max election id 7fffffff00000000000002ca and max set version 195
2026-05-24 18:14:43 [main] INFO  o.s.s.web.DefaultSecurityFilterChain - Will secure any request with [org.springframework.security.web.session.DisableEncodeUrlFilter@438aaa9f, org.springframework.security.web.context.request.async.WebAsyncManagerIntegrationFilter@3f06ebe0, org.springframework.security.web.context.SecurityContextHolderFilter@2a120c88, org.springframework.security.web.header.HeaderWriterFilter@5d84e363, org.springframework.web.filter.CorsFilter@1752e45c, org.springframework.security.web.authentication.logout.LogoutFilter@6cbdd1c5, org.springframework.security.web.authentication.www.BasicAuthenticationFilter@30798137, org.springframework.security.web.savedrequest.RequestCacheAwareFilter@3739f3c9, org.springframework.security.web.servletapi.SecurityContextHolderAwareRequestFilter@7ab2ba47, org.springframework.security.web.authentication.AnonymousAuthenticationFilter@5ed65e4b, org.springframework.security.web.session.SessionManagementFilter@bb12f41, org.springframework.security.web.access.ExceptionTranslationFilter@20027c44, org.springframework.security.web.access.intercept.AuthorizationFilter@64ec1459]
2026-05-24 18:14:43 [main] INFO  o.a.coyote.http11.Http11NioProtocol - Starting ProtocolHandler ["http-nio-8080"]
2026-05-24 18:14:43 [main] INFO  o.s.b.w.e.tomcat.TomcatWebServer - Tomcat started on port 8080 (http) with context path ''
2026-05-24 18:14:43 [main] INFO  com.tanuj.Spring.Boot.Application - Started Application in 4.022 seconds (process running for 4.455)
2026-05-24 18:15:05 [http-nio-8080-exec-1] INFO  o.a.c.c.C.[Tomcat].[localhost].[/] - Initializing Spring DispatcherServlet 'dispatcherServlet'
2026-05-24 18:15:05 [http-nio-8080-exec-1] INFO  o.s.web.servlet.DispatcherServlet - Initializing Servlet 'dispatcherServlet'
2026-05-24 18:15:05 [http-nio-8080-exec-1] INFO  o.s.web.servlet.DispatcherServlet - Completed initialization in 0 ms
2026-05-24 18:15:06 [http-nio-8080-exec-1] WARN  o.s.w.s.m.s.DefaultHandlerExceptionResolver - Resolved [org.springframework.http.converter.HttpMessageNotReadableException: Required request body is missing: public org.springframework.http.ResponseEntity<?> com.tanuj.Spring.Boot.controller.UserController.greetings(java.lang.String)]
2026-05-24 18:15:30 [http-nio-8080-exec-2] ERROR o.a.c.c.C.[.[.[.[dispatcherServlet] - Servlet.service() for servlet [dispatcherServlet] in context with path [] threw exception [Request processing failed: java.lang.IllegalArgumentException: Not enough variable values available to expand '
    "city"'] with root cause
java.lang.IllegalArgumentException: Not enough variable values available to expand '
    "city"'
	at org.springframework.web.util.UriComponents$VarArgsTemplateVariables.getValue(UriComponents.java:370)
	at org.springframework.web.util.HierarchicalUriComponents$QueryUriTemplateVariables.getValue(HierarchicalUriComponents.java:1082)
	at org.springframework.web.util.UriComponents.expandUriComponent(UriComponents.java:263)
	at org.springframework.web.util.HierarchicalUriComponents.lambda$expandQueryParams$5(HierarchicalUriComponents.java:456)
	at org.springframework.util.UnmodifiableMultiValueMap.lambda$forEach$0(UnmodifiableMultiValueMap.java:115)
	at java.base/java.util.LinkedHashMap.forEach(LinkedHashMap.java:986)
	at org.springframework.util.MultiValueMapAdapter.forEach(MultiValueMapAdapter.java:179)
	at org.springframework.util.UnmodifiableMultiValueMap.forEach(UnmodifiableMultiValueMap.java:115)
	at org.springframework.web.util.HierarchicalUriComponents.expandQueryParams(HierarchicalUriComponents.java:452)
	at org.springframework.web.util.HierarchicalUriComponents.expandInternal(HierarchicalUriComponents.java:441)
	at org.springframework.web.util.HierarchicalUriComponents.expandInternal(HierarchicalUriComponents.java:53)
	at org.springframework.web.util.UriComponents.expand(UriComponents.java:172)
	at org.springframework.web.util.DefaultUriBuilderFactory$DefaultUriBuilder.build(DefaultUriBuilderFactory.java:428)
	at org.springframework.web.util.DefaultUriBuilderFactory.expand(DefaultUriBuilderFactory.java:179)
	at org.springframework.web.client.RestTemplate.execute(RestTemplate.java:789)
	at org.springframework.web.client.RestTemplate.exchange(RestTemplate.java:672)
	at com.tanuj.Spring.Boot.service.WeatherService.getWeather(WeatherService.java:21)
	at com.tanuj.Spring.Boot.controller.UserController.greetings(UserController.java:52)
	at java.base/jdk.internal.reflect.DirectMethodHandleAccessor.invoke(DirectMethodHandleAccessor.java:103)
	at java.base/java.lang.reflect.Method.invoke(Method.java:580)
	at org.springframework.web.method.support.InvocableHandlerMethod.doInvoke(InvocableHandlerMethod.java:255)
	at org.springframework.web.method.support.InvocableHandlerMethod.invokeForRequest(InvocableHandlerMethod.java:188)
	at org.springframework.web.servlet.mvc.method.annotation.ServletInvocableHandlerMethod.invokeAndHandle(ServletInvocableHandlerMethod.java:118)
	at org.springframework.web.servlet.mvc.method.annotation.RequestMappingHandlerAdapter.invokeHandlerMethod(RequestMappingHandlerAdapter.java:926)
	at org.springframework.web.servlet.mvc.method.annotation.RequestMappingHandlerAdapter.handleInternal(RequestMappingHandlerAdapter.java:831)
	at org.springframework.web.servlet.mvc.method.AbstractHandlerMethodAdapter.handle(AbstractHandlerMethodAdapter.java:87)
	at org.springframework.web.servlet.DispatcherServlet.doDispatch(DispatcherServlet.java:1089)
	at org.springframework.web.servlet.DispatcherServlet.doService(DispatcherServlet.java:979)
	at org.springframework.web.servlet.FrameworkServlet.processRequest(FrameworkServlet.java:1014)
	at org.springframework.web.servlet.FrameworkServlet.doGet(FrameworkServlet.java:903)
	at jakarta.servlet.http.HttpServlet.service(HttpServlet.java:564)
	at org.springframework.web.servlet.FrameworkServlet.service(FrameworkServlet.java:885)
	at jakarta.servlet.http.HttpServlet.service(HttpServlet.java:658)
	at org.apache.catalina.core.ApplicationFilterChain.internalDoFilter(ApplicationFilterChain.java:206)
	at org.apache.catalina.core.ApplicationFilterChain.doFilter(ApplicationFilterChain.java:150)
	at org.apache.tomcat.websocket.server.WsFilter.doFilter(WsFilter.java:51)
	at org.apache.catalina.core.ApplicationFilterChain.internalDoFilter(ApplicationFilterChain.java:175)
	at org.apache.catalina.core.ApplicationFilterChain.doFilter(ApplicationFilterChain.java:150)
	at org.springframework.web.filter.CompositeFilter$VirtualFilterChain.doFilter(CompositeFilter.java:108)
	at org.springframework.security.web.FilterChainProxy.lambda$doFilterInternal$3(FilterChainProxy.java:231)
	at org.springframework.security.web.FilterChainProxy$VirtualFilterChain.doFilter(FilterChainProxy.java:365)
	at org.springframework.security.web.access.intercept.AuthorizationFilter.doFilter(AuthorizationFilter.java:100)
	at org.springframework.security.web.FilterChainProxy$VirtualFilterChain.doFilter(FilterChainProxy.java:374)
	at org.springframework.security.web.access.ExceptionTranslationFilter.doFilter(ExceptionTranslationFilter.java:126)
	at org.springframework.security.web.access.ExceptionTranslationFilter.doFilter(ExceptionTranslationFilter.java:120)
	at org.springframework.security.web.FilterChainProxy$VirtualFilterChain.doFilter(FilterChainProxy.java:374)
	at org.springframework.security.web.session.SessionManagementFilter.doFilter(SessionManagementFilter.java:131)
	at org.springframework.security.web.session.SessionManagementFilter.doFilter(SessionManagementFilter.java:85)
	at org.springframework.security.web.FilterChainProxy$VirtualFilterChain.doFilter(FilterChainProxy.java:374)
	at org.springframework.security.web.authentication.AnonymousAuthenticationFilter.doFilter(AnonymousAuthenticationFilter.java:100)
	at org.springframework.security.web.FilterChainProxy$VirtualFilterChain.doFilter(FilterChainProxy.java:374)
	at org.springframework.security.web.servletapi.SecurityContextHolderAwareRequestFilter.doFilter(SecurityContextHolderAwareRequestFilter.java:179)
	at org.springframework.security.web.FilterChainProxy$VirtualFilterChain.doFilter(FilterChainProxy.java:374)
	at org.springframework.security.web.savedrequest.RequestCacheAwareFilter.doFilter(RequestCacheAwareFilter.java:63)
	at org.springframework.security.web.FilterChainProxy$VirtualFilterChain.doFilter(FilterChainProxy.java:374)
	at org.springframework.security.web.authentication.www.BasicAuthenticationFilter.doFilterInternal(BasicAuthenticationFilter.java:213)
	at org.springframework.web.filter.OncePerRequestFilter.doFilter(OncePerRequestFilter.java:116)
	at org.springframework.security.web.FilterChainProxy$VirtualFilterChain.doFilter(FilterChainProxy.java:374)
	at org.springframework.security.web.authentication.logout.LogoutFilter.doFilter(LogoutFilter.java:107)
	at org.springframework.security.web.authentication.logout.LogoutFilter.doFilter(LogoutFilter.java:93)
	at org.springframework.security.web.FilterChainProxy$VirtualFilterChain.doFilter(FilterChainProxy.java:374)
	at org.springframework.web.filter.CorsFilter.doFilterInternal(CorsFilter.java:91)
	at org.springframework.web.filter.OncePerRequestFilter.doFilter(OncePerRequestFilter.java:116)
	at org.springframework.security.web.FilterChainProxy$VirtualFilterChain.doFilter(FilterChainProxy.java:374)
	at org.springframework.security.web.header.HeaderWriterFilter.doHeadersAfter(HeaderWriterFilter.java:90)
	at org.springframework.security.web.header.HeaderWriterFilter.doFilterInternal(HeaderWriterFilter.java:75)
	at org.springframework.web.filter.OncePerRequestFilter.doFilter(OncePerRequestFilter.java:116)
	at org.springframework.security.web.FilterChainProxy$VirtualFilterChain.doFilter(FilterChainProxy.java:374)
	at org.springframework.security.web.context.SecurityContextHolderFilter.doFilter(SecurityContextHolderFilter.java:82)
	at org.springframework.security.web.context.SecurityContextHolderFilter.doFilter(SecurityContextHolderFilter.java:69)
	at org.springframework.security.web.FilterChainProxy$VirtualFilterChain.doFilter(FilterChainProxy.java:374)
	at org.springframework.security.web.context.request.async.WebAsyncManagerIntegrationFilter.doFilterInternal(WebAsyncManagerIntegrationFilter.java:62)
	at org.springframework.web.filter.OncePerRequestFilter.doFilter(OncePerRequestFilter.java:116)
	at org.springframework.security.web.FilterChainProxy$VirtualFilterChain.doFilter(FilterChainProxy.java:374)
	at org.springframework.security.web.session.DisableEncodeUrlFilter.doFilterInternal(DisableEncodeUrlFilter.java:42)
	at org.springframework.web.filter.OncePerRequestFilter.doFilter(OncePerRequestFilter.java:116)
	at org.springframework.security.web.FilterChainProxy$VirtualFilterChain.doFilter(FilterChainProxy.java:374)
	at org.springframework.security.web.FilterChainProxy.doFilterInternal(FilterChainProxy.java:233)
	at org.springframework.security.web.FilterChainProxy.doFilter(FilterChainProxy.java:191)
	at org.springframework.web.filter.CompositeFilter$VirtualFilterChain.doFilter(CompositeFilter.java:113)
	at org.springframework.web.servlet.handler.HandlerMappingIntrospector.lambda$createCacheFilter$3(HandlerMappingIntrospector.java:195)
	at org.springframework.web.filter.CompositeFilter$VirtualFilterChain.doFilter(CompositeFilter.java:113)
	at org.springframework.web.filter.CompositeFilter.doFilter(CompositeFilter.java:74)
	at org.springframework.security.config.annotation.web.configuration.WebMvcSecurityConfiguration$CompositeFilterChainProxy.doFilter(WebMvcSecurityConfiguration.java:230)
	at org.springframework.web.filter.DelegatingFilterProxy.invokeDelegate(DelegatingFilterProxy.java:352)
	at org.springframework.web.filter.DelegatingFilterProxy.doFilter(DelegatingFilterProxy.java:268)
	at org.apache.catalina.core.ApplicationFilterChain.internalDoFilter(ApplicationFilterChain.java:175)
	at org.apache.catalina.core.ApplicationFilterChain.doFilter(ApplicationFilterChain.java:150)
	at org.springframework.web.filter.RequestContextFilter.doFilterInternal(RequestContextFilter.java:100)
	at org.springframework.web.filter.OncePerRequestFilter.doFilter(OncePerRequestFilter.java:116)
	at org.apache.catalina.core.ApplicationFilterChain.internalDoFilter(ApplicationFilterChain.java:175)
	at org.apache.catalina.core.ApplicationFilterChain.doFilter(ApplicationFilterChain.java:150)
	at org.springframework.web.filter.FormContentFilter.doFilterInternal(FormContentFilter.java:93)
	at org.springframework.web.filter.OncePerRequestFilter.doFilter(OncePerRequestFilter.java:116)
	at org.apache.catalina.core.ApplicationFilterChain.internalDoFilter(ApplicationFilterChain.java:175)
	at org.apache.catalina.core.ApplicationFilterChain.doFilter(ApplicationFilterChain.java:150)
	at org.springframework.web.filter.CharacterEncodingFilter.doFilterInternal(CharacterEncodingFilter.java:201)
	at org.springframework.web.filter.OncePerRequestFilter.doFilter(OncePerRequestFilter.java:116)
	at org.apache.catalina.core.ApplicationFilterChain.internalDoFilter(ApplicationFilterChain.java:175)
	at org.apache.catalina.core.ApplicationFilterChain.doFilter(ApplicationFilterChain.java:150)
	at org.apache.catalina.core.StandardWrapperValve.invoke(StandardWrapperValve.java:167)
	at org.apache.catalina.core.StandardContextValve.invoke(StandardContextValve.java:90)
	at org.apache.catalina.authenticator.AuthenticatorBase.invoke(AuthenticatorBase.java:482)
	at org.apache.catalina.core.StandardHostValve.invoke(StandardHostValve.java:115)
	at org.apache.catalina.valves.ErrorReportValve.invoke(ErrorReportValve.java:93)
	at org.apache.catalina.core.StandardEngineValve.invoke(StandardEngineValve.java:74)
	at org.apache.catalina.connector.CoyoteAdapter.service(CoyoteAdapter.java:344)
	at org.apache.coyote.http11.Http11Processor.service(Http11Processor.java:391)
	at org.apache.coyote.AbstractProcessorLight.process(AbstractProcessorLight.java:63)
	at org.apache.coyote.AbstractProtocol$ConnectionHandler.process(AbstractProtocol.java:896)
	at org.apache.tomcat.util.net.NioEndpoint$SocketProcessor.doRun(NioEndpoint.java:1736)
	at org.apache.tomcat.util.net.SocketProcessorBase.run(SocketProcessorBase.java:52)
	at org.apache.tomcat.util.threads.ThreadPoolExecutor.runWorker(ThreadPoolExecutor.java:1191)
	at org.apache.tomcat.util.threads.ThreadPoolExecutor$Worker.run(ThreadPoolExecutor.java:659)
	at org.apache.tomcat.util.threads.TaskThread$WrappingRunnable.run(TaskThread.java:63)
	at java.base/java.lang.Thread.run(Thread.java:1583)
2026-05-24 18:16:19 [main] INFO  com.tanuj.Spring.Boot.Application - Starting Application using Java 21.0.11 with PID 9788 (D:\Tanuj\Spring Boot\Spring-Boot\target\classes started by tanuj in D:\Tanuj\Spring Boot\Spring-Boot)
2026-05-24 18:16:19 [main] INFO  com.tanuj.Spring.Boot.Application - The following 1 profile is active: "dev"
2026-05-24 18:16:20 [main] INFO  o.s.d.r.c.RepositoryConfigurationDelegate - Bootstrapping Spring Data MongoDB repositories in DEFAULT mode.
2026-05-24 18:16:20 [main] INFO  o.s.d.r.c.RepositoryConfigurationDelegate - Finished Spring Data repository scanning in 73 ms. Found 2 MongoDB repository interfaces.
2026-05-24 18:16:20 [main] INFO  o.s.b.w.e.tomcat.TomcatWebServer - Tomcat initialized with port 8080 (http)
2026-05-24 18:16:20 [main] INFO  o.a.coyote.http11.Http11NioProtocol - Initializing ProtocolHandler ["http-nio-8080"]
2026-05-24 18:16:20 [main] INFO  o.a.catalina.core.StandardService - Starting service [Tomcat]
2026-05-24 18:16:20 [main] INFO  o.a.catalina.core.StandardEngine - Starting Servlet engine: [Apache Tomcat/10.1.20]
2026-05-24 18:16:20 [main] INFO  o.a.c.c.C.[Tomcat].[localhost].[/] - Initializing Spring embedded WebApplicationContext
2026-05-24 18:16:20 [main] INFO  o.s.b.w.s.c.ServletWebServerApplicationContext - Root WebApplicationContext: initialization completed in 1461 ms
2026-05-24 18:16:21 [main] INFO  org.mongodb.driver.client - MongoClient with metadata {"driver": {"name": "mongo-java-driver|sync|spring-boot", "version": "4.11.2"}, "os": {"type": "Windows", "name": "Windows 11", "architecture": "amd64", "version": "10.0"}, "platform": "Java/Eclipse Adoptium/21.0.11+10-LTS"} created with settings MongoClientSettings{readPreference=primary, writeConcern=WriteConcern{w=majority, wTimeout=null ms, journal=null}, retryWrites=true, retryReads=true, readConcern=ReadConcern{level=null}, credential=MongoCredential{mechanism=null, userName='tanujpratapsingh08_db_user', source='admin', password=<hidden>, mechanismProperties=<hidden>}, transportSettings=null, streamFactoryFactory=null, commandListeners=[], codecRegistry=ProvidersCodecRegistry{codecProviders=[ValueCodecProvider{}, BsonValueCodecProvider{}, DBRefCodecProvider{}, DBObjectCodecProvider{}, DocumentCodecProvider{}, CollectionCodecProvider{}, IterableCodecProvider{}, MapCodecProvider{}, GeoJsonCodecProvider{}, GridFSFileCodecProvider{}, Jsr310CodecProvider{}, JsonObjectCodecProvider{}, BsonCodecProvider{}, EnumCodecProvider{}, com.mongodb.client.model.mql.ExpressionCodecProvider@3dc40ab9, com.mongodb.Jep395RecordCodecProvider@2db6d68d, com.mongodb.KotlinCodecProvider@6518fdfd]}, loggerSettings=LoggerSettings{maxDocumentLength=1000}, clusterSettings={hosts=[127.0.0.1:27017], srvHost=cluster0.7zsqiuv.mongodb.net, srvServiceName=mongodb, mode=MULTIPLE, requiredClusterType=REPLICA_SET, requiredReplicaSetName='atlas-bc7sz8-shard-0', serverSelector='null', clusterListeners='[]', serverSelectionTimeout='30000 ms', localThreshold='15 ms'}, socketSettings=SocketSettings{connectTimeoutMS=10000, readTimeoutMS=0, receiveBufferSize=0, proxySettings=ProxySettings{host=null, port=null, username=null, password=null}}, heartbeatSocketSettings=SocketSettings{connectTimeoutMS=10000, readTimeoutMS=10000, receiveBufferSize=0, proxySettings=ProxySettings{host=null, port=null, username=null, password=null}}, connectionPoolSettings=ConnectionPoolSettings{maxSize=100, minSize=0, maxWaitTimeMS=120000, maxConnectionLifeTimeMS=0, maxConnectionIdleTimeMS=0, maintenanceInitialDelayMS=0, maintenanceFrequencyMS=60000, connectionPoolListeners=[], maxConnecting=2}, serverSettings=ServerSettings{heartbeatFrequencyMS=10000, minHeartbeatFrequencyMS=500, serverListeners='[]', serverMonitorListeners='[]'}, sslSettings=SslSettings{enabled=true, invalidHostNameAllowed=false, context=null}, applicationName='null', compressorList=[], uuidRepresentation=JAVA_LEGACY, serverApi=null, autoEncryptionSettings=null, dnsClient=null, inetAddressResolver=null, contextProvider=null}
2026-05-24 18:16:21 [cluster-ClusterId{value='6a12f31d05955907ad1fece5', description='null'}-srv-cluster0.7zsqiuv.mongodb.net] INFO  org.mongodb.driver.cluster - Adding discovered server ac-ipildno-shard-00-01.7zsqiuv.mongodb.net:27017 to client view of cluster
2026-05-24 18:16:21 [cluster-ClusterId{value='6a12f31d05955907ad1fece5', description='null'}-srv-cluster0.7zsqiuv.mongodb.net] INFO  org.mongodb.driver.cluster - Adding discovered server ac-ipildno-shard-00-00.7zsqiuv.mongodb.net:27017 to client view of cluster
2026-05-24 18:16:21 [cluster-ClusterId{value='6a12f31d05955907ad1fece5', description='null'}-srv-cluster0.7zsqiuv.mongodb.net] INFO  org.mongodb.driver.cluster - Adding discovered server ac-ipildno-shard-00-02.7zsqiuv.mongodb.net:27017 to client view of cluster
2026-05-24 18:16:21 [main] INFO  org.mongodb.driver.cluster - No server chosen by WritableServerSelector from cluster description ClusterDescription{type=REPLICA_SET, connectionMode=MULTIPLE, serverDescriptions=[ServerDescription{address=ac-ipildno-shard-00-02.7zsqiuv.mongodb.net:27017, type=UNKNOWN, state=CONNECTING}, ServerDescription{address=ac-ipildno-shard-00-00.7zsqiuv.mongodb.net:27017, type=UNKNOWN, state=CONNECTING}, ServerDescription{address=ac-ipildno-shard-00-01.7zsqiuv.mongodb.net:27017, type=UNKNOWN, state=CONNECTING}]}. Waiting for 30000 ms before timing out
2026-05-24 18:16:22 [cluster-ClusterId{value='6a12f31d05955907ad1fece5', description='null'}-ac-ipildno-shard-00-00.7zsqiuv.mongodb.net:27017] INFO  org.mongodb.driver.cluster - Monitor thread successfully connected to server with description ServerDescription{address=ac-ipildno-shard-00-00.7zsqiuv.mongodb.net:27017, type=REPLICA_SET_SECONDARY, state=CONNECTED, ok=true, minWireVersion=0, maxWireVersion=25, maxDocumentSize=16777216, logicalSessionTimeoutMinutes=30, roundTripTimeNanos=396575100, setName='atlas-bc7sz8-shard-0', canonicalAddress=ac-ipildno-shard-00-00.7zsqiuv.mongodb.net:27017, hosts=[ac-ipildno-shard-00-02.7zsqiuv.mongodb.net:27017, ac-ipildno-shard-00-01.7zsqiuv.mongodb.net:27017, ac-ipildno-shard-00-00.7zsqiuv.mongodb.net:27017], passives=[], arbiters=[], primary='ac-ipildno-shard-00-02.7zsqiuv.mongodb.net:27017', tagSet=TagSet{[Tag{name='availabilityZone', value='aps1-az1'}, Tag{name='cacheState', value='READY'}, Tag{name='diskState', value='READY'}, Tag{name='nodeType', value='ELECTABLE'}, Tag{name='provider', value='AWS'}, Tag{name='region', value='AP_SOUTH_1'}, Tag{name='workloadType', value='OPERATIONAL'}]}, electionId=null, setVersion=195, topologyVersion=TopologyVersion{processId=6a11d224b877d25a4d507e92, counter=5}, lastWriteDate=Sun May 24 18:16:14 IST 2026, lastUpdateTimeNanos=14273171510000}
2026-05-24 18:16:22 [cluster-ClusterId{value='6a12f31d05955907ad1fece5', description='null'}-ac-ipildno-shard-00-01.7zsqiuv.mongodb.net:27017] INFO  org.mongodb.driver.cluster - Monitor thread successfully connected to server with description ServerDescription{address=ac-ipildno-shard-00-01.7zsqiuv.mongodb.net:27017, type=REPLICA_SET_SECONDARY, state=CONNECTED, ok=true, minWireVersion=0, maxWireVersion=25, maxDocumentSize=16777216, logicalSessionTimeoutMinutes=30, roundTripTimeNanos=396145700, setName='atlas-bc7sz8-shard-0', canonicalAddress=ac-ipildno-shard-00-01.7zsqiuv.mongodb.net:27017, hosts=[ac-ipildno-shard-00-02.7zsqiuv.mongodb.net:27017, ac-ipildno-shard-00-01.7zsqiuv.mongodb.net:27017, ac-ipildno-shard-00-00.7zsqiuv.mongodb.net:27017], passives=[], arbiters=[], primary='ac-ipildno-shard-00-02.7zsqiuv.mongodb.net:27017', tagSet=TagSet{[Tag{name='availabilityZone', value='aps1-az3'}, Tag{name='cacheState', value='READY'}, Tag{name='diskState', value='READY'}, Tag{name='nodeType', value='ELECTABLE'}, Tag{name='provider', value='AWS'}, Tag{name='region', value='AP_SOUTH_1'}, Tag{name='workloadType', value='OPERATIONAL'}]}, electionId=null, setVersion=195, topologyVersion=TopologyVersion{processId=6a11d7e0e594f0dd8db05c60, counter=3}, lastWriteDate=Sun May 24 18:16:14 IST 2026, lastUpdateTimeNanos=14273171246300}
2026-05-24 18:16:22 [cluster-ClusterId{value='6a12f31d05955907ad1fece5', description='null'}-ac-ipildno-shard-00-02.7zsqiuv.mongodb.net:27017] INFO  org.mongodb.driver.cluster - Monitor thread successfully connected to server with description ServerDescription{address=ac-ipildno-shard-00-02.7zsqiuv.mongodb.net:27017, type=REPLICA_SET_PRIMARY, state=CONNECTED, ok=true, minWireVersion=0, maxWireVersion=25, maxDocumentSize=16777216, logicalSessionTimeoutMinutes=30, roundTripTimeNanos=394480400, setName='atlas-bc7sz8-shard-0', canonicalAddress=ac-ipildno-shard-00-02.7zsqiuv.mongodb.net:27017, hosts=[ac-ipildno-shard-00-02.7zsqiuv.mongodb.net:27017, ac-ipildno-shard-00-01.7zsqiuv.mongodb.net:27017, ac-ipildno-shard-00-00.7zsqiuv.mongodb.net:27017], passives=[], arbiters=[], primary='ac-ipildno-shard-00-02.7zsqiuv.mongodb.net:27017', tagSet=TagSet{[Tag{name='availabilityZone', value='aps1-az2'}, Tag{name='cacheState', value='READY'}, Tag{name='diskState', value='READY'}, Tag{name='nodeType', value='ELECTABLE'}, Tag{name='provider', value='AWS'}, Tag{name='region', value='AP_SOUTH_1'}, Tag{name='workloadType', value='OPERATIONAL'}]}, electionId=7fffffff00000000000002ca, setVersion=195, topologyVersion=TopologyVersion{processId=6a11d4f654d1733c139e43e3, counter=6}, lastWriteDate=Sun May 24 18:16:14 IST 2026, lastUpdateTimeNanos=14273171793700}
2026-05-24 18:16:22 [cluster-ClusterId{value='6a12f31d05955907ad1fece5', description='null'}-ac-ipildno-shard-00-02.7zsqiuv.mongodb.net:27017] INFO  org.mongodb.driver.cluster - Discovered replica set primary ac-ipildno-shard-00-02.7zsqiuv.mongodb.net:27017 with max election id 7fffffff00000000000002ca and max set version 195
2026-05-24 18:16:23 [main] INFO  o.s.s.web.DefaultSecurityFilterChain - Will secure any request with [org.springframework.security.web.session.DisableEncodeUrlFilter@1109730f, org.springframework.security.web.context.request.async.WebAsyncManagerIntegrationFilter@1f42366, org.springframework.security.web.context.SecurityContextHolderFilter@6c6379c, org.springframework.security.web.header.HeaderWriterFilter@ae3c140, org.springframework.web.filter.CorsFilter@46c662f2, org.springframework.security.web.authentication.logout.LogoutFilter@4e6cbdf1, org.springframework.security.web.authentication.www.BasicAuthenticationFilter@45297e7, org.springframework.security.web.savedrequest.RequestCacheAwareFilter@2bfa17b0, org.springframework.security.web.servletapi.SecurityContextHolderAwareRequestFilter@625264ed, org.springframework.security.web.authentication.AnonymousAuthenticationFilter@4afdfc0f, org.springframework.security.web.session.SessionManagementFilter@2bf3ec4, org.springframework.security.web.access.ExceptionTranslationFilter@782cc5fa, org.springframework.security.web.access.intercept.AuthorizationFilter@786ff0ea]
2026-05-24 18:16:23 [main] INFO  o.a.coyote.http11.Http11NioProtocol - Starting ProtocolHandler ["http-nio-8080"]
2026-05-24 18:16:23 [main] INFO  o.s.b.w.e.tomcat.TomcatWebServer - Tomcat started on port 8080 (http) with context path ''
2026-05-24 18:16:23 [main] INFO  com.tanuj.Spring.Boot.Application - Started Application in 4.651 seconds (process running for 5.156)
2026-05-24 18:16:27 [http-nio-8080-exec-1] INFO  o.a.c.c.C.[Tomcat].[localhost].[/] - Initializing Spring DispatcherServlet 'dispatcherServlet'
2026-05-24 18:16:27 [http-nio-8080-exec-1] INFO  o.s.web.servlet.DispatcherServlet - Initializing Servlet 'dispatcherServlet'
2026-05-24 18:16:27 [http-nio-8080-exec-1] INFO  o.s.web.servlet.DispatcherServlet - Completed initialization in 0 ms
2026-05-24 18:18:11 [main] INFO  com.tanuj.Spring.Boot.Application - Starting Application using Java 21.0.11 with PID 23052 (D:\Tanuj\Spring Boot\Spring-Boot\target\classes started by tanuj in D:\Tanuj\Spring Boot\Spring-Boot)
2026-05-24 18:18:11 [main] INFO  com.tanuj.Spring.Boot.Application - The following 1 profile is active: "dev"
2026-05-24 18:18:12 [main] INFO  o.s.d.r.c.RepositoryConfigurationDelegate - Bootstrapping Spring Data MongoDB repositories in DEFAULT mode.
2026-05-24 18:18:12 [main] INFO  o.s.d.r.c.RepositoryConfigurationDelegate - Finished Spring Data repository scanning in 64 ms. Found 2 MongoDB repository interfaces.
2026-05-24 18:18:12 [main] INFO  o.s.b.w.e.tomcat.TomcatWebServer - Tomcat initialized with port 8080 (http)
2026-05-24 18:18:12 [main] INFO  o.a.coyote.http11.Http11NioProtocol - Initializing ProtocolHandler ["http-nio-8080"]
2026-05-24 18:18:12 [main] INFO  o.a.catalina.core.StandardService - Starting service [Tomcat]
2026-05-24 18:18:12 [main] INFO  o.a.catalina.core.StandardEngine - Starting Servlet engine: [Apache Tomcat/10.1.20]
2026-05-24 18:18:12 [main] INFO  o.a.c.c.C.[Tomcat].[localhost].[/] - Initializing Spring embedded WebApplicationContext
2026-05-24 18:18:12 [main] INFO  o.s.b.w.s.c.ServletWebServerApplicationContext - Root WebApplicationContext: initialization completed in 1371 ms
2026-05-24 18:18:13 [main] INFO  org.mongodb.driver.client - MongoClient with metadata {"driver": {"name": "mongo-java-driver|sync|spring-boot", "version": "4.11.2"}, "os": {"type": "Windows", "name": "Windows 11", "architecture": "amd64", "version": "10.0"}, "platform": "Java/Eclipse Adoptium/21.0.11+10-LTS"} created with settings MongoClientSettings{readPreference=primary, writeConcern=WriteConcern{w=majority, wTimeout=null ms, journal=null}, retryWrites=true, retryReads=true, readConcern=ReadConcern{level=null}, credential=MongoCredential{mechanism=null, userName='tanujpratapsingh08_db_user', source='admin', password=<hidden>, mechanismProperties=<hidden>}, transportSettings=null, streamFactoryFactory=null, commandListeners=[], codecRegistry=ProvidersCodecRegistry{codecProviders=[ValueCodecProvider{}, BsonValueCodecProvider{}, DBRefCodecProvider{}, DBObjectCodecProvider{}, DocumentCodecProvider{}, CollectionCodecProvider{}, IterableCodecProvider{}, MapCodecProvider{}, GeoJsonCodecProvider{}, GridFSFileCodecProvider{}, Jsr310CodecProvider{}, JsonObjectCodecProvider{}, BsonCodecProvider{}, EnumCodecProvider{}, com.mongodb.client.model.mql.ExpressionCodecProvider@395f52ed, com.mongodb.Jep395RecordCodecProvider@7a84788f, com.mongodb.KotlinCodecProvider@102c18e]}, loggerSettings=LoggerSettings{maxDocumentLength=1000}, clusterSettings={hosts=[127.0.0.1:27017], srvHost=cluster0.7zsqiuv.mongodb.net, srvServiceName=mongodb, mode=MULTIPLE, requiredClusterType=REPLICA_SET, requiredReplicaSetName='atlas-bc7sz8-shard-0', serverSelector='null', clusterListeners='[]', serverSelectionTimeout='30000 ms', localThreshold='15 ms'}, socketSettings=SocketSettings{connectTimeoutMS=10000, readTimeoutMS=0, receiveBufferSize=0, proxySettings=ProxySettings{host=null, port=null, username=null, password=null}}, heartbeatSocketSettings=SocketSettings{connectTimeoutMS=10000, readTimeoutMS=10000, receiveBufferSize=0, proxySettings=ProxySettings{host=null, port=null, username=null, password=null}}, connectionPoolSettings=ConnectionPoolSettings{maxSize=100, minSize=0, maxWaitTimeMS=120000, maxConnectionLifeTimeMS=0, maxConnectionIdleTimeMS=0, maintenanceInitialDelayMS=0, maintenanceFrequencyMS=60000, connectionPoolListeners=[], maxConnecting=2}, serverSettings=ServerSettings{heartbeatFrequencyMS=10000, minHeartbeatFrequencyMS=500, serverListeners='[]', serverMonitorListeners='[]'}, sslSettings=SslSettings{enabled=true, invalidHostNameAllowed=false, context=null}, applicationName='null', compressorList=[], uuidRepresentation=JAVA_LEGACY, serverApi=null, autoEncryptionSettings=null, dnsClient=null, inetAddressResolver=null, contextProvider=null}
2026-05-24 18:18:13 [cluster-ClusterId{value='6a12f38d3cf1ec2d6a144e88', description='null'}-srv-cluster0.7zsqiuv.mongodb.net] INFO  org.mongodb.driver.cluster - Adding discovered server ac-ipildno-shard-00-01.7zsqiuv.mongodb.net:27017 to client view of cluster
2026-05-24 18:18:13 [cluster-ClusterId{value='6a12f38d3cf1ec2d6a144e88', description='null'}-srv-cluster0.7zsqiuv.mongodb.net] INFO  org.mongodb.driver.cluster - Adding discovered server ac-ipildno-shard-00-00.7zsqiuv.mongodb.net:27017 to client view of cluster
2026-05-24 18:18:13 [cluster-ClusterId{value='6a12f38d3cf1ec2d6a144e88', description='null'}-srv-cluster0.7zsqiuv.mongodb.net] INFO  org.mongodb.driver.cluster - Adding discovered server ac-ipildno-shard-00-02.7zsqiuv.mongodb.net:27017 to client view of cluster
2026-05-24 18:18:17 [main] INFO  org.mongodb.driver.cluster - No server chosen by WritableServerSelector from cluster description ClusterDescription{type=REPLICA_SET, connectionMode=MULTIPLE, serverDescriptions=[ServerDescription{address=ac-ipildno-shard-00-02.7zsqiuv.mongodb.net:27017, type=UNKNOWN, state=CONNECTING}, ServerDescription{address=ac-ipildno-shard-00-00.7zsqiuv.mongodb.net:27017, type=UNKNOWN, state=CONNECTING}, ServerDescription{address=ac-ipildno-shard-00-01.7zsqiuv.mongodb.net:27017, type=UNKNOWN, state=CONNECTING}]}. Waiting for 30000 ms before timing out
2026-05-24 18:18:17 [cluster-ClusterId{value='6a12f38d3cf1ec2d6a144e88', description='null'}-ac-ipildno-shard-00-02.7zsqiuv.mongodb.net:27017] INFO  org.mongodb.driver.cluster - Monitor thread successfully connected to server with description ServerDescription{address=ac-ipildno-shard-00-02.7zsqiuv.mongodb.net:27017, type=REPLICA_SET_PRIMARY, state=CONNECTED, ok=true, minWireVersion=0, maxWireVersion=25, maxDocumentSize=16777216, logicalSessionTimeoutMinutes=30, roundTripTimeNanos=549132800, setName='atlas-bc7sz8-shard-0', canonicalAddress=ac-ipildno-shard-00-02.7zsqiuv.mongodb.net:27017, hosts=[ac-ipildno-shard-00-02.7zsqiuv.mongodb.net:27017, ac-ipildno-shard-00-01.7zsqiuv.mongodb.net:27017, ac-ipildno-shard-00-00.7zsqiuv.mongodb.net:27017], passives=[], arbiters=[], primary='ac-ipildno-shard-00-02.7zsqiuv.mongodb.net:27017', tagSet=TagSet{[Tag{name='availabilityZone', value='aps1-az2'}, Tag{name='cacheState', value='READY'}, Tag{name='diskState', value='READY'}, Tag{name='nodeType', value='ELECTABLE'}, Tag{name='provider', value='AWS'}, Tag{name='region', value='AP_SOUTH_1'}, Tag{name='workloadType', value='OPERATIONAL'}]}, electionId=7fffffff00000000000002ca, setVersion=195, topologyVersion=TopologyVersion{processId=6a11d4f654d1733c139e43e3, counter=6}, lastWriteDate=Sun May 24 18:18:09 IST 2026, lastUpdateTimeNanos=14388421630700}
2026-05-24 18:18:17 [cluster-ClusterId{value='6a12f38d3cf1ec2d6a144e88', description='null'}-ac-ipildno-shard-00-01.7zsqiuv.mongodb.net:27017] INFO  org.mongodb.driver.cluster - Monitor thread successfully connected to server with description ServerDescription{address=ac-ipildno-shard-00-01.7zsqiuv.mongodb.net:27017, type=REPLICA_SET_SECONDARY, state=CONNECTED, ok=true, minWireVersion=0, maxWireVersion=25, maxDocumentSize=16777216, logicalSessionTimeoutMinutes=30, roundTripTimeNanos=549121500, setName='atlas-bc7sz8-shard-0', canonicalAddress=ac-ipildno-shard-00-01.7zsqiuv.mongodb.net:27017, hosts=[ac-ipildno-shard-00-02.7zsqiuv.mongodb.net:27017, ac-ipildno-shard-00-01.7zsqiuv.mongodb.net:27017, ac-ipildno-shard-00-00.7zsqiuv.mongodb.net:27017], passives=[], arbiters=[], primary='ac-ipildno-shard-00-02.7zsqiuv.mongodb.net:27017', tagSet=TagSet{[Tag{name='availabilityZone', value='aps1-az3'}, Tag{name='cacheState', value='READY'}, Tag{name='diskState', value='READY'}, Tag{name='nodeType', value='ELECTABLE'}, Tag{name='provider', value='AWS'}, Tag{name='region', value='AP_SOUTH_1'}, Tag{name='workloadType', value='OPERATIONAL'}]}, electionId=null, setVersion=195, topologyVersion=TopologyVersion{processId=6a11d7e0e594f0dd8db05c60, counter=3}, lastWriteDate=Sun May 24 18:18:09 IST 2026, lastUpdateTimeNanos=14388421577200}
2026-05-24 18:18:17 [cluster-ClusterId{value='6a12f38d3cf1ec2d6a144e88', description='null'}-ac-ipildno-shard-00-00.7zsqiuv.mongodb.net:27017] INFO  org.mongodb.driver.cluster - Monitor thread successfully connected to server with description ServerDescription{address=ac-ipildno-shard-00-00.7zsqiuv.mongodb.net:27017, type=REPLICA_SET_SECONDARY, state=CONNECTED, ok=true, minWireVersion=0, maxWireVersion=25, maxDocumentSize=16777216, logicalSessionTimeoutMinutes=30, roundTripTimeNanos=549314400, setName='atlas-bc7sz8-shard-0', canonicalAddress=ac-ipildno-shard-00-00.7zsqiuv.mongodb.net:27017, hosts=[ac-ipildno-shard-00-02.7zsqiuv.mongodb.net:27017, ac-ipildno-shard-00-01.7zsqiuv.mongodb.net:27017, ac-ipildno-shard-00-00.7zsqiuv.mongodb.net:27017], passives=[], arbiters=[], primary='ac-ipildno-shard-00-02.7zsqiuv.mongodb.net:27017', tagSet=TagSet{[Tag{name='availabilityZone', value='aps1-az1'}, Tag{name='cacheState', value='READY'}, Tag{name='diskState', value='READY'}, Tag{name='nodeType', value='ELECTABLE'}, Tag{name='provider', value='AWS'}, Tag{name='region', value='AP_SOUTH_1'}, Tag{name='workloadType', value='OPERATIONAL'}]}, electionId=null, setVersion=195, topologyVersion=TopologyVersion{processId=6a11d224b877d25a4d507e92, counter=5}, lastWriteDate=Sun May 24 18:18:09 IST 2026, lastUpdateTimeNanos=14388421886100}
2026-05-24 18:18:17 [cluster-ClusterId{value='6a12f38d3cf1ec2d6a144e88', description='null'}-ac-ipildno-shard-00-02.7zsqiuv.mongodb.net:27017] INFO  org.mongodb.driver.cluster - Discovered replica set primary ac-ipildno-shard-00-02.7zsqiuv.mongodb.net:27017 with max election id 7fffffff00000000000002ca and max set version 195
2026-05-24 18:18:18 [main] INFO  o.s.s.web.DefaultSecurityFilterChain - Will secure any request with [org.springframework.security.web.session.DisableEncodeUrlFilter@97b5e6a, org.springframework.security.web.context.request.async.WebAsyncManagerIntegrationFilter@29f95272, org.springframework.security.web.context.SecurityContextHolderFilter@37cf91d8, org.springframework.security.web.header.HeaderWriterFilter@3568ea59, org.springframework.web.filter.CorsFilter@c754401, org.springframework.security.web.authentication.logout.LogoutFilter@137a4b54, org.springframework.security.web.authentication.www.BasicAuthenticationFilter@73da7f08, org.springframework.security.web.savedrequest.RequestCacheAwareFilter@54e0f76f, org.springframework.security.web.servletapi.SecurityContextHolderAwareRequestFilter@3fe8ad3f, org.springframework.security.web.authentication.AnonymousAuthenticationFilter@1da53f4f, org.springframework.security.web.session.SessionManagementFilter@7f53fc38, org.springframework.security.web.access.ExceptionTranslationFilter@77cd235b, org.springframework.security.web.access.intercept.AuthorizationFilter@1f3c5308]
2026-05-24 18:18:19 [main] INFO  o.a.coyote.http11.Http11NioProtocol - Starting ProtocolHandler ["http-nio-8080"]
2026-05-24 18:18:19 [main] INFO  o.s.b.w.e.tomcat.TomcatWebServer - Tomcat started on port 8080 (http) with context path ''
2026-05-24 18:18:19 [main] INFO  com.tanuj.Spring.Boot.Application - Started Application in 8.011 seconds (process running for 9.137)
2026-05-24 18:18:28 [http-nio-8080-exec-2] INFO  o.a.c.c.C.[Tomcat].[localhost].[/] - Initializing Spring DispatcherServlet 'dispatcherServlet'
2026-05-24 18:18:28 [http-nio-8080-exec-2] INFO  o.s.web.servlet.DispatcherServlet - Initializing Servlet 'dispatcherServlet'
2026-05-24 18:18:28 [http-nio-8080-exec-2] INFO  o.s.web.servlet.DispatcherServlet - Completed initialization in 1 ms
2026-05-24 18:21:45 [http-nio-8080-exec-2] WARN  o.s.w.s.m.s.DefaultHandlerExceptionResolver - Resolved [org.springframework.web.context.request.async.AsyncRequestNotUsableException: ServletOutputStream failed to flush: java.nio.channels.ClosedChannelException]
2026-05-24 18:23:43 [main] INFO  com.tanuj.Spring.Boot.Application - Starting Application using Java 21.0.11 with PID 240 (D:\Tanuj\Spring Boot\Spring-Boot\target\classes started by tanuj in D:\Tanuj\Spring Boot\Spring-Boot)
2026-05-24 18:23:43 [main] INFO  com.tanuj.Spring.Boot.Application - The following 1 profile is active: "dev"
2026-05-24 18:23:43 [main] INFO  o.s.d.r.c.RepositoryConfigurationDelegate - Bootstrapping Spring Data MongoDB repositories in DEFAULT mode.
2026-05-24 18:23:43 [main] INFO  o.s.d.r.c.RepositoryConfigurationDelegate - Finished Spring Data repository scanning in 58 ms. Found 2 MongoDB repository interfaces.
2026-05-24 18:23:44 [main] INFO  o.s.b.w.e.tomcat.TomcatWebServer - Tomcat initialized with port 8080 (http)
2026-05-24 18:23:44 [main] INFO  o.a.coyote.http11.Http11NioProtocol - Initializing ProtocolHandler ["http-nio-8080"]
2026-05-24 18:23:44 [main] INFO  o.a.catalina.core.StandardService - Starting service [Tomcat]
2026-05-24 18:23:44 [main] INFO  o.a.catalina.core.StandardEngine - Starting Servlet engine: [Apache Tomcat/10.1.20]
2026-05-24 18:23:44 [main] INFO  o.a.c.c.C.[Tomcat].[localhost].[/] - Initializing Spring embedded WebApplicationContext
2026-05-24 18:23:44 [main] INFO  o.s.b.w.s.c.ServletWebServerApplicationContext - Root WebApplicationContext: initialization completed in 1245 ms
2026-05-24 18:23:44 [main] INFO  org.mongodb.driver.client - MongoClient with metadata {"driver": {"name": "mongo-java-driver|sync|spring-boot", "version": "4.11.2"}, "os": {"type": "Windows", "name": "Windows 11", "architecture": "amd64", "version": "10.0"}, "platform": "Java/Eclipse Adoptium/21.0.11+10-LTS"} created with settings MongoClientSettings{readPreference=primary, writeConcern=WriteConcern{w=majority, wTimeout=null ms, journal=null}, retryWrites=true, retryReads=true, readConcern=ReadConcern{level=null}, credential=MongoCredential{mechanism=null, userName='tanujpratapsingh08_db_user', source='admin', password=<hidden>, mechanismProperties=<hidden>}, transportSettings=null, streamFactoryFactory=null, commandListeners=[], codecRegistry=ProvidersCodecRegistry{codecProviders=[ValueCodecProvider{}, BsonValueCodecProvider{}, DBRefCodecProvider{}, DBObjectCodecProvider{}, DocumentCodecProvider{}, CollectionCodecProvider{}, IterableCodecProvider{}, MapCodecProvider{}, GeoJsonCodecProvider{}, GridFSFileCodecProvider{}, Jsr310CodecProvider{}, JsonObjectCodecProvider{}, BsonCodecProvider{}, EnumCodecProvider{}, com.mongodb.client.model.mql.ExpressionCodecProvider@590765c4, com.mongodb.Jep395RecordCodecProvider@19489b27, com.mongodb.KotlinCodecProvider@626d2016]}, loggerSettings=LoggerSettings{maxDocumentLength=1000}, clusterSettings={hosts=[127.0.0.1:27017], srvHost=cluster0.7zsqiuv.mongodb.net, srvServiceName=mongodb, mode=MULTIPLE, requiredClusterType=REPLICA_SET, requiredReplicaSetName='atlas-bc7sz8-shard-0', serverSelector='null', clusterListeners='[]', serverSelectionTimeout='30000 ms', localThreshold='15 ms'}, socketSettings=SocketSettings{connectTimeoutMS=10000, readTimeoutMS=0, receiveBufferSize=0, proxySettings=ProxySettings{host=null, port=null, username=null, password=null}}, heartbeatSocketSettings=SocketSettings{connectTimeoutMS=10000, readTimeoutMS=10000, receiveBufferSize=0, proxySettings=ProxySettings{host=null, port=null, username=null, password=null}}, connectionPoolSettings=ConnectionPoolSettings{maxSize=100, minSize=0, maxWaitTimeMS=120000, maxConnectionLifeTimeMS=0, maxConnectionIdleTimeMS=0, maintenanceInitialDelayMS=0, maintenanceFrequencyMS=60000, connectionPoolListeners=[], maxConnecting=2}, serverSettings=ServerSettings{heartbeatFrequencyMS=10000, minHeartbeatFrequencyMS=500, serverListeners='[]', serverMonitorListeners='[]'}, sslSettings=SslSettings{enabled=true, invalidHostNameAllowed=false, context=null}, applicationName='null', compressorList=[], uuidRepresentation=JAVA_LEGACY, serverApi=null, autoEncryptionSettings=null, dnsClient=null, inetAddressResolver=null, contextProvider=null}
2026-05-24 18:23:44 [cluster-ClusterId{value='6a12f4d82287797f1778474c', description='null'}-srv-cluster0.7zsqiuv.mongodb.net] INFO  org.mongodb.driver.cluster - Adding discovered server ac-ipildno-shard-00-01.7zsqiuv.mongodb.net:27017 to client view of cluster
2026-05-24 18:23:44 [cluster-ClusterId{value='6a12f4d82287797f1778474c', description='null'}-srv-cluster0.7zsqiuv.mongodb.net] INFO  org.mongodb.driver.cluster - Adding discovered server ac-ipildno-shard-00-00.7zsqiuv.mongodb.net:27017 to client view of cluster
2026-05-24 18:23:44 [cluster-ClusterId{value='6a12f4d82287797f1778474c', description='null'}-srv-cluster0.7zsqiuv.mongodb.net] INFO  org.mongodb.driver.cluster - Adding discovered server ac-ipildno-shard-00-02.7zsqiuv.mongodb.net:27017 to client view of cluster
2026-05-24 18:23:45 [main] INFO  org.mongodb.driver.cluster - No server chosen by WritableServerSelector from cluster description ClusterDescription{type=REPLICA_SET, connectionMode=MULTIPLE, serverDescriptions=[ServerDescription{address=ac-ipildno-shard-00-02.7zsqiuv.mongodb.net:27017, type=UNKNOWN, state=CONNECTING}, ServerDescription{address=ac-ipildno-shard-00-00.7zsqiuv.mongodb.net:27017, type=UNKNOWN, state=CONNECTING}, ServerDescription{address=ac-ipildno-shard-00-01.7zsqiuv.mongodb.net:27017, type=UNKNOWN, state=CONNECTING}]}. Waiting for 30000 ms before timing out
2026-05-24 18:23:45 [cluster-ClusterId{value='6a12f4d82287797f1778474c', description='null'}-ac-ipildno-shard-00-02.7zsqiuv.mongodb.net:27017] INFO  org.mongodb.driver.cluster - Monitor thread successfully connected to server with description ServerDescription{address=ac-ipildno-shard-00-02.7zsqiuv.mongodb.net:27017, type=REPLICA_SET_PRIMARY, state=CONNECTED, ok=true, minWireVersion=0, maxWireVersion=25, maxDocumentSize=16777216, logicalSessionTimeoutMinutes=30, roundTripTimeNanos=387110300, setName='atlas-bc7sz8-shard-0', canonicalAddress=ac-ipildno-shard-00-02.7zsqiuv.mongodb.net:27017, hosts=[ac-ipildno-shard-00-02.7zsqiuv.mongodb.net:27017, ac-ipildno-shard-00-01.7zsqiuv.mongodb.net:27017, ac-ipildno-shard-00-00.7zsqiuv.mongodb.net:27017], passives=[], arbiters=[], primary='ac-ipildno-shard-00-02.7zsqiuv.mongodb.net:27017', tagSet=TagSet{[Tag{name='availabilityZone', value='aps1-az2'}, Tag{name='cacheState', value='READY'}, Tag{name='diskState', value='READY'}, Tag{name='nodeType', value='ELECTABLE'}, Tag{name='provider', value='AWS'}, Tag{name='region', value='AP_SOUTH_1'}, Tag{name='workloadType', value='OPERATIONAL'}]}, electionId=7fffffff00000000000002ca, setVersion=195, topologyVersion=TopologyVersion{processId=6a11d4f654d1733c139e43e3, counter=6}, lastWriteDate=Sun May 24 18:23:37 IST 2026, lastUpdateTimeNanos=14716626335200}
2026-05-24 18:23:45 [cluster-ClusterId{value='6a12f4d82287797f1778474c', description='null'}-ac-ipildno-shard-00-01.7zsqiuv.mongodb.net:27017] INFO  org.mongodb.driver.cluster - Monitor thread successfully connected to server with description ServerDescription{address=ac-ipildno-shard-00-01.7zsqiuv.mongodb.net:27017, type=REPLICA_SET_SECONDARY, state=CONNECTED, ok=true, minWireVersion=0, maxWireVersion=25, maxDocumentSize=16777216, logicalSessionTimeoutMinutes=30, roundTripTimeNanos=386942900, setName='atlas-bc7sz8-shard-0', canonicalAddress=ac-ipildno-shard-00-01.7zsqiuv.mongodb.net:27017, hosts=[ac-ipildno-shard-00-02.7zsqiuv.mongodb.net:27017, ac-ipildno-shard-00-01.7zsqiuv.mongodb.net:27017, ac-ipildno-shard-00-00.7zsqiuv.mongodb.net:27017], passives=[], arbiters=[], primary='ac-ipildno-shard-00-02.7zsqiuv.mongodb.net:27017', tagSet=TagSet{[Tag{name='availabilityZone', value='aps1-az3'}, Tag{name='cacheState', value='READY'}, Tag{name='diskState', value='READY'}, Tag{name='nodeType', value='ELECTABLE'}, Tag{name='provider', value='AWS'}, Tag{name='region', value='AP_SOUTH_1'}, Tag{name='workloadType', value='OPERATIONAL'}]}, electionId=null, setVersion=195, topologyVersion=TopologyVersion{processId=6a11d7e0e594f0dd8db05c60, counter=3}, lastWriteDate=Sun May 24 18:23:37 IST 2026, lastUpdateTimeNanos=14716626126200}
2026-05-24 18:23:45 [cluster-ClusterId{value='6a12f4d82287797f1778474c', description='null'}-ac-ipildno-shard-00-00.7zsqiuv.mongodb.net:27017] INFO  org.mongodb.driver.cluster - Monitor thread successfully connected to server with description ServerDescription{address=ac-ipildno-shard-00-00.7zsqiuv.mongodb.net:27017, type=REPLICA_SET_SECONDARY, state=CONNECTED, ok=true, minWireVersion=0, maxWireVersion=25, maxDocumentSize=16777216, logicalSessionTimeoutMinutes=30, roundTripTimeNanos=387425400, setName='atlas-bc7sz8-shard-0', canonicalAddress=ac-ipildno-shard-00-00.7zsqiuv.mongodb.net:27017, hosts=[ac-ipildno-shard-00-02.7zsqiuv.mongodb.net:27017, ac-ipildno-shard-00-01.7zsqiuv.mongodb.net:27017, ac-ipildno-shard-00-00.7zsqiuv.mongodb.net:27017], passives=[], arbiters=[], primary='ac-ipildno-shard-00-02.7zsqiuv.mongodb.net:27017', tagSet=TagSet{[Tag{name='availabilityZone', value='aps1-az1'}, Tag{name='cacheState', value='READY'}, Tag{name='diskState', value='READY'}, Tag{name='nodeType', value='ELECTABLE'}, Tag{name='provider', value='AWS'}, Tag{name='region', value='AP_SOUTH_1'}, Tag{name='workloadType', value='OPERATIONAL'}]}, electionId=null, setVersion=195, topologyVersion=TopologyVersion{processId=6a11d224b877d25a4d507e92, counter=5}, lastWriteDate=Sun May 24 18:23:37 IST 2026, lastUpdateTimeNanos=14716626612600}
2026-05-24 18:23:45 [cluster-ClusterId{value='6a12f4d82287797f1778474c', description='null'}-ac-ipildno-shard-00-02.7zsqiuv.mongodb.net:27017] INFO  org.mongodb.driver.cluster - Discovered replica set primary ac-ipildno-shard-00-02.7zsqiuv.mongodb.net:27017 with max election id 7fffffff00000000000002ca and max set version 195
2026-05-24 18:23:46 [main] INFO  o.s.s.web.DefaultSecurityFilterChain - Will secure any request with [org.springframework.security.web.session.DisableEncodeUrlFilter@40bf0e15, org.springframework.security.web.context.request.async.WebAsyncManagerIntegrationFilter@2c77344f, org.springframework.security.web.context.SecurityContextHolderFilter@4fa0ee7e, org.springframework.security.web.header.HeaderWriterFilter@2c9cafa5, org.springframework.web.filter.CorsFilter@121ddca4, org.springframework.security.web.authentication.logout.LogoutFilter@786ff0ea, org.springframework.security.web.authentication.www.BasicAuthenticationFilter@5ed65e4b, org.springframework.security.web.savedrequest.RequestCacheAwareFilter@141bb6b8, org.springframework.security.web.servletapi.SecurityContextHolderAwareRequestFilter@5c8b10b4, org.springframework.security.web.authentication.AnonymousAuthenticationFilter@297bd171, org.springframework.security.web.session.SessionManagementFilter@7ab2ba47, org.springframework.security.web.access.ExceptionTranslationFilter@2bf3ec4, org.springframework.security.web.access.intercept.AuthorizationFilter@45297e7]
2026-05-24 18:23:46 [main] INFO  o.a.coyote.http11.Http11NioProtocol - Starting ProtocolHandler ["http-nio-8080"]
2026-05-24 18:23:46 [main] INFO  o.s.b.w.e.tomcat.TomcatWebServer - Tomcat started on port 8080 (http) with context path ''
2026-05-24 18:23:46 [main] INFO  com.tanuj.Spring.Boot.Application - Started Application in 3.921 seconds (process running for 4.383)
2026-05-24 18:23:51 [http-nio-8080-exec-1] INFO  o.a.c.c.C.[Tomcat].[localhost].[/] - Initializing Spring DispatcherServlet 'dispatcherServlet'
2026-05-24 18:23:51 [http-nio-8080-exec-1] INFO  o.s.web.servlet.DispatcherServlet - Initializing Servlet 'dispatcherServlet'
2026-05-24 18:23:51 [http-nio-8080-exec-1] INFO  o.s.web.servlet.DispatcherServlet - Completed initialization in 1 ms
2026-05-24 20:58:18 [main] INFO  com.tanuj.Spring.Boot.Application - Starting Application using Java 21.0.11 with PID 11828 (D:\Tanuj\Spring Boot\Spring-Boot\target\classes started by tanuj in D:\Tanuj\Spring Boot\Spring-Boot)
2026-05-24 20:58:18 [main] INFO  com.tanuj.Spring.Boot.Application - The following 1 profile is active: "dev"
2026-05-24 20:58:18 [main] INFO  o.s.d.r.c.RepositoryConfigurationDelegate - Bootstrapping Spring Data MongoDB repositories in DEFAULT mode.
2026-05-24 20:58:18 [main] INFO  o.s.d.r.c.RepositoryConfigurationDelegate - Finished Spring Data repository scanning in 47 ms. Found 2 MongoDB repository interfaces.
2026-05-24 20:58:19 [main] INFO  o.s.b.w.e.tomcat.TomcatWebServer - Tomcat initialized with port 8080 (http)
2026-05-24 20:58:19 [main] INFO  o.a.coyote.http11.Http11NioProtocol - Initializing ProtocolHandler ["http-nio-8080"]
2026-05-24 20:58:19 [main] INFO  o.a.catalina.core.StandardService - Starting service [Tomcat]
2026-05-24 20:58:19 [main] INFO  o.a.catalina.core.StandardEngine - Starting Servlet engine: [Apache Tomcat/10.1.20]
2026-05-24 20:58:19 [main] INFO  o.a.c.c.C.[Tomcat].[localhost].[/] - Initializing Spring embedded WebApplicationContext
2026-05-24 20:58:19 [main] INFO  o.s.b.w.s.c.ServletWebServerApplicationContext - Root WebApplicationContext: initialization completed in 1066 ms
2026-05-24 20:58:19 [main] INFO  org.mongodb.driver.client - MongoClient with metadata {"driver": {"name": "mongo-java-driver|sync|spring-boot", "version": "4.11.2"}, "os": {"type": "Windows", "name": "Windows 11", "architecture": "amd64", "version": "10.0"}, "platform": "Java/Eclipse Adoptium/21.0.11+10-LTS"} created with settings MongoClientSettings{readPreference=primary, writeConcern=WriteConcern{w=majority, wTimeout=null ms, journal=null}, retryWrites=true, retryReads=true, readConcern=ReadConcern{level=null}, credential=MongoCredential{mechanism=null, userName='tanujpratapsingh08_db_user', source='admin', password=<hidden>, mechanismProperties=<hidden>}, transportSettings=null, streamFactoryFactory=null, commandListeners=[], codecRegistry=ProvidersCodecRegistry{codecProviders=[ValueCodecProvider{}, BsonValueCodecProvider{}, DBRefCodecProvider{}, DBObjectCodecProvider{}, DocumentCodecProvider{}, CollectionCodecProvider{}, IterableCodecProvider{}, MapCodecProvider{}, GeoJsonCodecProvider{}, GridFSFileCodecProvider{}, Jsr310CodecProvider{}, JsonObjectCodecProvider{}, BsonCodecProvider{}, EnumCodecProvider{}, com.mongodb.client.model.mql.ExpressionCodecProvider@6518fdfd, com.mongodb.Jep395RecordCodecProvider@11d2dd2d, com.mongodb.KotlinCodecProvider@cde8c6c]}, loggerSettings=LoggerSettings{maxDocumentLength=1000}, clusterSettings={hosts=[127.0.0.1:27017], srvHost=cluster0.7zsqiuv.mongodb.net, srvServiceName=mongodb, mode=MULTIPLE, requiredClusterType=REPLICA_SET, requiredReplicaSetName='atlas-bc7sz8-shard-0', serverSelector='null', clusterListeners='[]', serverSelectionTimeout='30000 ms', localThreshold='15 ms'}, socketSettings=SocketSettings{connectTimeoutMS=10000, readTimeoutMS=0, receiveBufferSize=0, proxySettings=ProxySettings{host=null, port=null, username=null, password=null}}, heartbeatSocketSettings=SocketSettings{connectTimeoutMS=10000, readTimeoutMS=10000, receiveBufferSize=0, proxySettings=ProxySettings{host=null, port=null, username=null, password=null}}, connectionPoolSettings=ConnectionPoolSettings{maxSize=100, minSize=0, maxWaitTimeMS=120000, maxConnectionLifeTimeMS=0, maxConnectionIdleTimeMS=0, maintenanceInitialDelayMS=0, maintenanceFrequencyMS=60000, connectionPoolListeners=[], maxConnecting=2}, serverSettings=ServerSettings{heartbeatFrequencyMS=10000, minHeartbeatFrequencyMS=500, serverListeners='[]', serverMonitorListeners='[]'}, sslSettings=SslSettings{enabled=true, invalidHostNameAllowed=false, context=null}, applicationName='null', compressorList=[], uuidRepresentation=JAVA_LEGACY, serverApi=null, autoEncryptionSettings=null, dnsClient=null, inetAddressResolver=null, contextProvider=null}
2026-05-24 20:58:19 [cluster-ClusterId{value='6a1319139c440b529580d49b', description='null'}-srv-cluster0.7zsqiuv.mongodb.net] INFO  org.mongodb.driver.cluster - Adding discovered server ac-ipildno-shard-00-01.7zsqiuv.mongodb.net:27017 to client view of cluster
2026-05-24 20:58:19 [cluster-ClusterId{value='6a1319139c440b529580d49b', description='null'}-srv-cluster0.7zsqiuv.mongodb.net] INFO  org.mongodb.driver.cluster - Adding discovered server ac-ipildno-shard-00-00.7zsqiuv.mongodb.net:27017 to client view of cluster
2026-05-24 20:58:19 [cluster-ClusterId{value='6a1319139c440b529580d49b', description='null'}-srv-cluster0.7zsqiuv.mongodb.net] INFO  org.mongodb.driver.cluster - Adding discovered server ac-ipildno-shard-00-02.7zsqiuv.mongodb.net:27017 to client view of cluster
2026-05-24 20:58:20 [main] INFO  org.mongodb.driver.cluster - No server chosen by WritableServerSelector from cluster description ClusterDescription{type=REPLICA_SET, connectionMode=MULTIPLE, serverDescriptions=[ServerDescription{address=ac-ipildno-shard-00-02.7zsqiuv.mongodb.net:27017, type=UNKNOWN, state=CONNECTING}, ServerDescription{address=ac-ipildno-shard-00-00.7zsqiuv.mongodb.net:27017, type=UNKNOWN, state=CONNECTING}, ServerDescription{address=ac-ipildno-shard-00-01.7zsqiuv.mongodb.net:27017, type=UNKNOWN, state=CONNECTING}]}. Waiting for 30000 ms before timing out
2026-05-24 20:58:20 [cluster-ClusterId{value='6a1319139c440b529580d49b', description='null'}-ac-ipildno-shard-00-00.7zsqiuv.mongodb.net:27017] INFO  org.mongodb.driver.cluster - Monitor thread successfully connected to server with description ServerDescription{address=ac-ipildno-shard-00-00.7zsqiuv.mongodb.net:27017, type=REPLICA_SET_SECONDARY, state=CONNECTED, ok=true, minWireVersion=0, maxWireVersion=25, maxDocumentSize=16777216, logicalSessionTimeoutMinutes=30, roundTripTimeNanos=522255300, setName='atlas-bc7sz8-shard-0', canonicalAddress=ac-ipildno-shard-00-00.7zsqiuv.mongodb.net:27017, hosts=[ac-ipildno-shard-00-02.7zsqiuv.mongodb.net:27017, ac-ipildno-shard-00-01.7zsqiuv.mongodb.net:27017, ac-ipildno-shard-00-00.7zsqiuv.mongodb.net:27017], passives=[], arbiters=[], primary='ac-ipildno-shard-00-02.7zsqiuv.mongodb.net:27017', tagSet=TagSet{[Tag{name='availabilityZone', value='aps1-az1'}, Tag{name='cacheState', value='READY'}, Tag{name='diskState', value='READY'}, Tag{name='nodeType', value='ELECTABLE'}, Tag{name='provider', value='AWS'}, Tag{name='region', value='AP_SOUTH_1'}, Tag{name='workloadType', value='OPERATIONAL'}]}, electionId=null, setVersion=195, topologyVersion=TopologyVersion{processId=6a11d224b877d25a4d507e92, counter=5}, lastWriteDate=Sun May 24 20:58:11 IST 2026, lastUpdateTimeNanos=70955650800}
2026-05-24 20:58:21 [cluster-ClusterId{value='6a1319139c440b529580d49b', description='null'}-ac-ipildno-shard-00-02.7zsqiuv.mongodb.net:27017] INFO  org.mongodb.driver.cluster - Monitor thread successfully connected to server with description ServerDescription{address=ac-ipildno-shard-00-02.7zsqiuv.mongodb.net:27017, type=REPLICA_SET_PRIMARY, state=CONNECTED, ok=true, minWireVersion=0, maxWireVersion=25, maxDocumentSize=16777216, logicalSessionTimeoutMinutes=30, roundTripTimeNanos=229938000, setName='atlas-bc7sz8-shard-0', canonicalAddress=ac-ipildno-shard-00-02.7zsqiuv.mongodb.net:27017, hosts=[ac-ipildno-shard-00-02.7zsqiuv.mongodb.net:27017, ac-ipildno-shard-00-01.7zsqiuv.mongodb.net:27017, ac-ipildno-shard-00-00.7zsqiuv.mongodb.net:27017], passives=[], arbiters=[], primary='ac-ipildno-shard-00-02.7zsqiuv.mongodb.net:27017', tagSet=TagSet{[Tag{name='availabilityZone', value='aps1-az2'}, Tag{name='cacheState', value='READY'}, Tag{name='diskState', value='READY'}, Tag{name='nodeType', value='ELECTABLE'}, Tag{name='provider', value='AWS'}, Tag{name='region', value='AP_SOUTH_1'}, Tag{name='workloadType', value='OPERATIONAL'}]}, electionId=7fffffff00000000000002ca, setVersion=195, topologyVersion=TopologyVersion{processId=6a11d4f654d1733c139e43e3, counter=6}, lastWriteDate=Sun May 24 20:58:12 IST 2026, lastUpdateTimeNanos=71445708000}
2026-05-24 20:58:21 [cluster-ClusterId{value='6a1319139c440b529580d49b', description='null'}-ac-ipildno-shard-00-01.7zsqiuv.mongodb.net:27017] INFO  org.mongodb.driver.cluster - Monitor thread successfully connected to server with description ServerDescription{address=ac-ipildno-shard-00-01.7zsqiuv.mongodb.net:27017, type=REPLICA_SET_SECONDARY, state=CONNECTED, ok=true, minWireVersion=0, maxWireVersion=25, maxDocumentSize=16777216, logicalSessionTimeoutMinutes=30, roundTripTimeNanos=230249800, setName='atlas-bc7sz8-shard-0', canonicalAddress=ac-ipildno-shard-00-01.7zsqiuv.mongodb.net:27017, hosts=[ac-ipildno-shard-00-02.7zsqiuv.mongodb.net:27017, ac-ipildno-shard-00-01.7zsqiuv.mongodb.net:27017, ac-ipildno-shard-00-00.7zsqiuv.mongodb.net:27017], passives=[], arbiters=[], primary='ac-ipildno-shard-00-02.7zsqiuv.mongodb.net:27017', tagSet=TagSet{[Tag{name='availabilityZone', value='aps1-az3'}, Tag{name='cacheState', value='READY'}, Tag{name='diskState', value='READY'}, Tag{name='nodeType', value='ELECTABLE'}, Tag{name='provider', value='AWS'}, Tag{name='region', value='AP_SOUTH_1'}, Tag{name='workloadType', value='OPERATIONAL'}]}, electionId=null, setVersion=195, topologyVersion=TopologyVersion{processId=6a11d7e0e594f0dd8db05c60, counter=3}, lastWriteDate=Sun May 24 20:58:12 IST 2026, lastUpdateTimeNanos=71446004200}
2026-05-24 20:58:21 [cluster-ClusterId{value='6a1319139c440b529580d49b', description='null'}-ac-ipildno-shard-00-02.7zsqiuv.mongodb.net:27017] INFO  org.mongodb.driver.cluster - Discovered replica set primary ac-ipildno-shard-00-02.7zsqiuv.mongodb.net:27017 with max election id 7fffffff00000000000002ca and max set version 195
2026-05-24 20:58:22 [main] INFO  o.s.s.web.DefaultSecurityFilterChain - Will secure any request with [org.springframework.security.web.session.DisableEncodeUrlFilter@4dd1548e, org.springframework.security.web.context.request.async.WebAsyncManagerIntegrationFilter@54bb1194, org.springframework.security.web.context.SecurityContextHolderFilter@3b5da0b0, org.springframework.security.web.header.HeaderWriterFilter@782cc5fa, org.springframework.web.filter.CorsFilter@1109730f, org.springframework.security.web.authentication.logout.LogoutFilter@631bc9f4, org.springframework.security.web.authentication.www.BasicAuthenticationFilter@63cf578f, org.springframework.security.web.savedrequest.RequestCacheAwareFilter@6c6379c, org.springframework.security.web.servletapi.SecurityContextHolderAwareRequestFilter@7df4709e, org.springframework.security.web.authentication.AnonymousAuthenticationFilter@1f42366, org.springframework.security.web.session.SessionManagementFilter@da34eb0, org.springframework.security.web.access.ExceptionTranslationFilter@26d028f7, org.springframework.security.web.access.intercept.AuthorizationFilter@586728e8]
2026-05-24 20:58:23 [main] INFO  o.a.coyote.http11.Http11NioProtocol - Starting ProtocolHandler ["http-nio-8080"]
2026-05-24 20:58:23 [main] INFO  o.s.b.w.e.tomcat.TomcatWebServer - Tomcat started on port 8080 (http) with context path ''
2026-05-24 20:58:23 [main] INFO  com.tanuj.Spring.Boot.Application - Started Application in 5.333 seconds (process running for 7.119)
2026-05-24 20:58:39 [http-nio-8080-exec-1] INFO  o.a.c.c.C.[Tomcat].[localhost].[/] - Initializing Spring DispatcherServlet 'dispatcherServlet'
2026-05-24 20:58:39 [http-nio-8080-exec-1] INFO  o.s.web.servlet.DispatcherServlet - Initializing Servlet 'dispatcherServlet'
2026-05-24 20:58:39 [http-nio-8080-exec-1] INFO  o.s.web.servlet.DispatcherServlet - Completed initialization in 0 ms
2026-05-24 20:59:12 [main] INFO  com.tanuj.Spring.Boot.Application - Starting Application using Java 21.0.11 with PID 9312 (D:\Tanuj\Spring Boot\Spring-Boot\target\classes started by tanuj in D:\Tanuj\Spring Boot\Spring-Boot)
2026-05-24 20:59:12 [main] INFO  com.tanuj.Spring.Boot.Application - The following 1 profile is active: "dev"
2026-05-24 20:59:13 [main] INFO  o.s.d.r.c.RepositoryConfigurationDelegate - Bootstrapping Spring Data MongoDB repositories in DEFAULT mode.
2026-05-24 20:59:13 [main] INFO  o.s.d.r.c.RepositoryConfigurationDelegate - Finished Spring Data repository scanning in 54 ms. Found 2 MongoDB repository interfaces.
2026-05-24 20:59:13 [main] INFO  o.s.b.w.e.tomcat.TomcatWebServer - Tomcat initialized with port 8080 (http)
2026-05-24 20:59:13 [main] INFO  o.a.coyote.http11.Http11NioProtocol - Initializing ProtocolHandler ["http-nio-8080"]
2026-05-24 20:59:13 [main] INFO  o.a.catalina.core.StandardService - Starting service [Tomcat]
2026-05-24 20:59:13 [main] INFO  o.a.catalina.core.StandardEngine - Starting Servlet engine: [Apache Tomcat/10.1.20]
2026-05-24 20:59:13 [main] INFO  o.a.c.c.C.[Tomcat].[localhost].[/] - Initializing Spring embedded WebApplicationContext
2026-05-24 20:59:13 [main] INFO  o.s.b.w.s.c.ServletWebServerApplicationContext - Root WebApplicationContext: initialization completed in 1091 ms
2026-05-24 20:59:14 [main] INFO  org.mongodb.driver.client - MongoClient with metadata {"driver": {"name": "mongo-java-driver|sync|spring-boot", "version": "4.11.2"}, "os": {"type": "Windows", "name": "Windows 11", "architecture": "amd64", "version": "10.0"}, "platform": "Java/Eclipse Adoptium/21.0.11+10-LTS"} created with settings MongoClientSettings{readPreference=primary, writeConcern=WriteConcern{w=majority, wTimeout=null ms, journal=null}, retryWrites=true, retryReads=true, readConcern=ReadConcern{level=null}, credential=MongoCredential{mechanism=null, userName='tanujpratapsingh08_db_user', source='admin', password=<hidden>, mechanismProperties=<hidden>}, transportSettings=null, streamFactoryFactory=null, commandListeners=[], codecRegistry=ProvidersCodecRegistry{codecProviders=[ValueCodecProvider{}, BsonValueCodecProvider{}, DBRefCodecProvider{}, DBObjectCodecProvider{}, DocumentCodecProvider{}, CollectionCodecProvider{}, IterableCodecProvider{}, MapCodecProvider{}, GeoJsonCodecProvider{}, GridFSFileCodecProvider{}, Jsr310CodecProvider{}, JsonObjectCodecProvider{}, BsonCodecProvider{}, EnumCodecProvider{}, com.mongodb.client.model.mql.ExpressionCodecProvider@65eb3597, com.mongodb.Jep395RecordCodecProvider@3c7279a5, com.mongodb.KotlinCodecProvider@2bebd114]}, loggerSettings=LoggerSettings{maxDocumentLength=1000}, clusterSettings={hosts=[127.0.0.1:27017], srvHost=cluster0.7zsqiuv.mongodb.net, srvServiceName=mongodb, mode=MULTIPLE, requiredClusterType=REPLICA_SET, requiredReplicaSetName='atlas-bc7sz8-shard-0', serverSelector='null', clusterListeners='[]', serverSelectionTimeout='30000 ms', localThreshold='15 ms'}, socketSettings=SocketSettings{connectTimeoutMS=10000, readTimeoutMS=0, receiveBufferSize=0, proxySettings=ProxySettings{host=null, port=null, username=null, password=null}}, heartbeatSocketSettings=SocketSettings{connectTimeoutMS=10000, readTimeoutMS=10000, receiveBufferSize=0, proxySettings=ProxySettings{host=null, port=null, username=null, password=null}}, connectionPoolSettings=ConnectionPoolSettings{maxSize=100, minSize=0, maxWaitTimeMS=120000, maxConnectionLifeTimeMS=0, maxConnectionIdleTimeMS=0, maintenanceInitialDelayMS=0, maintenanceFrequencyMS=60000, connectionPoolListeners=[], maxConnecting=2}, serverSettings=ServerSettings{heartbeatFrequencyMS=10000, minHeartbeatFrequencyMS=500, serverListeners='[]', serverMonitorListeners='[]'}, sslSettings=SslSettings{enabled=true, invalidHostNameAllowed=false, context=null}, applicationName='null', compressorList=[], uuidRepresentation=JAVA_LEGACY, serverApi=null, autoEncryptionSettings=null, dnsClient=null, inetAddressResolver=null, contextProvider=null}
2026-05-24 20:59:14 [cluster-ClusterId{value='6a13194ace20697d34ba949b', description='null'}-srv-cluster0.7zsqiuv.mongodb.net] INFO  org.mongodb.driver.cluster - Adding discovered server ac-ipildno-shard-00-01.7zsqiuv.mongodb.net:27017 to client view of cluster
2026-05-24 20:59:14 [cluster-ClusterId{value='6a13194ace20697d34ba949b', description='null'}-srv-cluster0.7zsqiuv.mongodb.net] INFO  org.mongodb.driver.cluster - Adding discovered server ac-ipildno-shard-00-00.7zsqiuv.mongodb.net:27017 to client view of cluster
2026-05-24 20:59:14 [cluster-ClusterId{value='6a13194ace20697d34ba949b', description='null'}-srv-cluster0.7zsqiuv.mongodb.net] INFO  org.mongodb.driver.cluster - Adding discovered server ac-ipildno-shard-00-02.7zsqiuv.mongodb.net:27017 to client view of cluster
2026-05-24 20:59:14 [main] INFO  org.mongodb.driver.cluster - No server chosen by WritableServerSelector from cluster description ClusterDescription{type=REPLICA_SET, connectionMode=MULTIPLE, serverDescriptions=[ServerDescription{address=ac-ipildno-shard-00-02.7zsqiuv.mongodb.net:27017, type=UNKNOWN, state=CONNECTING}, ServerDescription{address=ac-ipildno-shard-00-00.7zsqiuv.mongodb.net:27017, type=UNKNOWN, state=CONNECTING}, ServerDescription{address=ac-ipildno-shard-00-01.7zsqiuv.mongodb.net:27017, type=UNKNOWN, state=CONNECTING}]}. Waiting for 30000 ms before timing out
2026-05-24 20:59:15 [cluster-ClusterId{value='6a13194ace20697d34ba949b', description='null'}-ac-ipildno-shard-00-01.7zsqiuv.mongodb.net:27017] INFO  org.mongodb.driver.cluster - Monitor thread successfully connected to server with description ServerDescription{address=ac-ipildno-shard-00-01.7zsqiuv.mongodb.net:27017, type=REPLICA_SET_SECONDARY, state=CONNECTED, ok=true, minWireVersion=0, maxWireVersion=25, maxDocumentSize=16777216, logicalSessionTimeoutMinutes=30, roundTripTimeNanos=425097100, setName='atlas-bc7sz8-shard-0', canonicalAddress=ac-ipildno-shard-00-01.7zsqiuv.mongodb.net:27017, hosts=[ac-ipildno-shard-00-02.7zsqiuv.mongodb.net:27017, ac-ipildno-shard-00-01.7zsqiuv.mongodb.net:27017, ac-ipildno-shard-00-00.7zsqiuv.mongodb.net:27017], passives=[], arbiters=[], primary='ac-ipildno-shard-00-02.7zsqiuv.mongodb.net:27017', tagSet=TagSet{[Tag{name='availabilityZone', value='aps1-az3'}, Tag{name='cacheState', value='READY'}, Tag{name='diskState', value='READY'}, Tag{name='nodeType', value='ELECTABLE'}, Tag{name='provider', value='AWS'}, Tag{name='region', value='AP_SOUTH_1'}, Tag{name='workloadType', value='OPERATIONAL'}]}, electionId=null, setVersion=195, topologyVersion=TopologyVersion{processId=6a11d7e0e594f0dd8db05c60, counter=3}, lastWriteDate=Sun May 24 20:59:06 IST 2026, lastUpdateTimeNanos=125425161500}
2026-05-24 20:59:15 [cluster-ClusterId{value='6a13194ace20697d34ba949b', description='null'}-ac-ipildno-shard-00-02.7zsqiuv.mongodb.net:27017] INFO  org.mongodb.driver.cluster - Monitor thread successfully connected to server with description ServerDescription{address=ac-ipildno-shard-00-02.7zsqiuv.mongodb.net:27017, type=REPLICA_SET_PRIMARY, state=CONNECTED, ok=true, minWireVersion=0, maxWireVersion=25, maxDocumentSize=16777216, logicalSessionTimeoutMinutes=30, roundTripTimeNanos=424862400, setName='atlas-bc7sz8-shard-0', canonicalAddress=ac-ipildno-shard-00-02.7zsqiuv.mongodb.net:27017, hosts=[ac-ipildno-shard-00-02.7zsqiuv.mongodb.net:27017, ac-ipildno-shard-00-01.7zsqiuv.mongodb.net:27017, ac-ipildno-shard-00-00.7zsqiuv.mongodb.net:27017], passives=[], arbiters=[], primary='ac-ipildno-shard-00-02.7zsqiuv.mongodb.net:27017', tagSet=TagSet{[Tag{name='availabilityZone', value='aps1-az2'}, Tag{name='cacheState', value='READY'}, Tag{name='diskState', value='READY'}, Tag{name='nodeType', value='ELECTABLE'}, Tag{name='provider', value='AWS'}, Tag{name='region', value='AP_SOUTH_1'}, Tag{name='workloadType', value='OPERATIONAL'}]}, electionId=7fffffff00000000000002ca, setVersion=195, topologyVersion=TopologyVersion{processId=6a11d4f654d1733c139e43e3, counter=6}, lastWriteDate=Sun May 24 20:59:06 IST 2026, lastUpdateTimeNanos=125424939800}
2026-05-24 20:59:15 [cluster-ClusterId{value='6a13194ace20697d34ba949b', description='null'}-ac-ipildno-shard-00-00.7zsqiuv.mongodb.net:27017] INFO  org.mongodb.driver.cluster - Monitor thread successfully connected to server with description ServerDescription{address=ac-ipildno-shard-00-00.7zsqiuv.mongodb.net:27017, type=REPLICA_SET_SECONDARY, state=CONNECTED, ok=true, minWireVersion=0, maxWireVersion=25, maxDocumentSize=16777216, logicalSessionTimeoutMinutes=30, roundTripTimeNanos=425006300, setName='atlas-bc7sz8-shard-0', canonicalAddress=ac-ipildno-shard-00-00.7zsqiuv.mongodb.net:27017, hosts=[ac-ipildno-shard-00-02.7zsqiuv.mongodb.net:27017, ac-ipildno-shard-00-01.7zsqiuv.mongodb.net:27017, ac-ipildno-shard-00-00.7zsqiuv.mongodb.net:27017], passives=[], arbiters=[], primary='ac-ipildno-shard-00-02.7zsqiuv.mongodb.net:27017', tagSet=TagSet{[Tag{name='availabilityZone', value='aps1-az1'}, Tag{name='cacheState', value='READY'}, Tag{name='diskState', value='READY'}, Tag{name='nodeType', value='ELECTABLE'}, Tag{name='provider', value='AWS'}, Tag{name='region', value='AP_SOUTH_1'}, Tag{name='workloadType', value='OPERATIONAL'}]}, electionId=null, setVersion=195, topologyVersion=TopologyVersion{processId=6a11d224b877d25a4d507e92, counter=5}, lastWriteDate=Sun May 24 20:59:06 IST 2026, lastUpdateTimeNanos=125425077800}
2026-05-24 20:59:15 [cluster-ClusterId{value='6a13194ace20697d34ba949b', description='null'}-ac-ipildno-shard-00-02.7zsqiuv.mongodb.net:27017] INFO  org.mongodb.driver.cluster - Discovered replica set primary ac-ipildno-shard-00-02.7zsqiuv.mongodb.net:27017 with max election id 7fffffff00000000000002ca and max set version 195
2026-05-24 20:59:16 [main] INFO  o.s.s.web.DefaultSecurityFilterChain - Will secure any request with [org.springframework.security.web.session.DisableEncodeUrlFilter@3fef1e6b, org.springframework.security.web.context.request.async.WebAsyncManagerIntegrationFilter@4fee14b, org.springframework.security.web.context.SecurityContextHolderFilter@627acb38, org.springframework.security.web.header.HeaderWriterFilter@359865a2, org.springframework.web.filter.CorsFilter@11c3d22f, org.springframework.security.web.authentication.logout.LogoutFilter@1308ef19, org.springframework.security.web.authentication.www.BasicAuthenticationFilter@4e7eba9f, org.springframework.security.web.savedrequest.RequestCacheAwareFilter@629cbb1, org.springframework.security.web.servletapi.SecurityContextHolderAwareRequestFilter@165aa43a, org.springframework.security.web.authentication.AnonymousAuthenticationFilter@3a54638b, org.springframework.security.web.session.SessionManagementFilter@7462ba4b, org.springframework.security.web.access.ExceptionTranslationFilter@204b0f07, org.springframework.security.web.access.intercept.AuthorizationFilter@29aa4bc9]
2026-05-24 20:59:17 [main] INFO  o.a.coyote.http11.Http11NioProtocol - Starting ProtocolHandler ["http-nio-8080"]
2026-05-24 20:59:17 [main] INFO  o.s.b.w.e.tomcat.TomcatWebServer - Tomcat started on port 8080 (http) with context path ''
2026-05-24 20:59:17 [main] INFO  com.tanuj.Spring.Boot.Application - Started Application in 4.755 seconds (process running for 5.6)
2026-05-24 20:59:21 [http-nio-8080-exec-2] INFO  o.a.c.c.C.[Tomcat].[localhost].[/] - Initializing Spring DispatcherServlet 'dispatcherServlet'
2026-05-24 20:59:21 [http-nio-8080-exec-2] INFO  o.s.web.servlet.DispatcherServlet - Initializing Servlet 'dispatcherServlet'
2026-05-24 20:59:21 [http-nio-8080-exec-2] INFO  o.s.web.servlet.DispatcherServlet - Completed initialization in 1 ms
2026-05-24 21:04:36 [main] INFO  com.tanuj.Spring.Boot.Application - Starting Application using Java 21.0.11 with PID 9472 (D:\Tanuj\Spring Boot\Spring-Boot\target\classes started by tanuj in D:\Tanuj\Spring Boot\Spring-Boot)
2026-05-24 21:04:36 [main] INFO  com.tanuj.Spring.Boot.Application - The following 1 profile is active: "dev"
2026-05-24 21:04:36 [main] INFO  o.s.d.r.c.RepositoryConfigurationDelegate - Bootstrapping Spring Data MongoDB repositories in DEFAULT mode.
2026-05-24 21:04:37 [main] INFO  o.s.d.r.c.RepositoryConfigurationDelegate - Finished Spring Data repository scanning in 65 ms. Found 2 MongoDB repository interfaces.
2026-05-24 21:04:37 [main] INFO  o.s.b.w.e.tomcat.TomcatWebServer - Tomcat initialized with port 8080 (http)
2026-05-24 21:04:37 [main] INFO  o.a.coyote.http11.Http11NioProtocol - Initializing ProtocolHandler ["http-nio-8080"]
2026-05-24 21:04:37 [main] INFO  o.a.catalina.core.StandardService - Starting service [Tomcat]
2026-05-24 21:04:37 [main] INFO  o.a.catalina.core.StandardEngine - Starting Servlet engine: [Apache Tomcat/10.1.20]
2026-05-24 21:04:37 [main] INFO  o.a.c.c.C.[Tomcat].[localhost].[/] - Initializing Spring embedded WebApplicationContext
2026-05-24 21:04:37 [main] INFO  o.s.b.w.s.c.ServletWebServerApplicationContext - Root WebApplicationContext: initialization completed in 1203 ms
2026-05-24 21:04:37 [main] INFO  org.mongodb.driver.client - MongoClient with metadata {"driver": {"name": "mongo-java-driver|sync|spring-boot", "version": "4.11.2"}, "os": {"type": "Windows", "name": "Windows 11", "architecture": "amd64", "version": "10.0"}, "platform": "Java/Eclipse Adoptium/21.0.11+10-LTS"} created with settings MongoClientSettings{readPreference=primary, writeConcern=WriteConcern{w=majority, wTimeout=null ms, journal=null}, retryWrites=true, retryReads=true, readConcern=ReadConcern{level=null}, credential=MongoCredential{mechanism=null, userName='tanujpratapsingh08_db_user', source='admin', password=<hidden>, mechanismProperties=<hidden>}, transportSettings=null, streamFactoryFactory=null, commandListeners=[], codecRegistry=ProvidersCodecRegistry{codecProviders=[ValueCodecProvider{}, BsonValueCodecProvider{}, DBRefCodecProvider{}, DBObjectCodecProvider{}, DocumentCodecProvider{}, CollectionCodecProvider{}, IterableCodecProvider{}, MapCodecProvider{}, GeoJsonCodecProvider{}, GridFSFileCodecProvider{}, Jsr310CodecProvider{}, JsonObjectCodecProvider{}, BsonCodecProvider{}, EnumCodecProvider{}, com.mongodb.client.model.mql.ExpressionCodecProvider@4d705112, com.mongodb.Jep395RecordCodecProvider@590765c4, com.mongodb.KotlinCodecProvider@19489b27]}, loggerSettings=LoggerSettings{maxDocumentLength=1000}, clusterSettings={hosts=[127.0.0.1:27017], srvHost=cluster0.7zsqiuv.mongodb.net, srvServiceName=mongodb, mode=MULTIPLE, requiredClusterType=REPLICA_SET, requiredReplicaSetName='atlas-bc7sz8-shard-0', serverSelector='null', clusterListeners='[]', serverSelectionTimeout='30000 ms', localThreshold='15 ms'}, socketSettings=SocketSettings{connectTimeoutMS=10000, readTimeoutMS=0, receiveBufferSize=0, proxySettings=ProxySettings{host=null, port=null, username=null, password=null}}, heartbeatSocketSettings=SocketSettings{connectTimeoutMS=10000, readTimeoutMS=10000, receiveBufferSize=0, proxySettings=ProxySettings{host=null, port=null, username=null, password=null}}, connectionPoolSettings=ConnectionPoolSettings{maxSize=100, minSize=0, maxWaitTimeMS=120000, maxConnectionLifeTimeMS=0, maxConnectionIdleTimeMS=0, maintenanceInitialDelayMS=0, maintenanceFrequencyMS=60000, connectionPoolListeners=[], maxConnecting=2}, serverSettings=ServerSettings{heartbeatFrequencyMS=10000, minHeartbeatFrequencyMS=500, serverListeners='[]', serverMonitorListeners='[]'}, sslSettings=SslSettings{enabled=true, invalidHostNameAllowed=false, context=null}, applicationName='null', compressorList=[], uuidRepresentation=JAVA_LEGACY, serverApi=null, autoEncryptionSettings=null, dnsClient=null, inetAddressResolver=null, contextProvider=null}
2026-05-24 21:04:37 [cluster-ClusterId{value='6a131a8d6cf2c137c1b70265', description='null'}-srv-cluster0.7zsqiuv.mongodb.net] INFO  org.mongodb.driver.cluster - Adding discovered server ac-ipildno-shard-00-01.7zsqiuv.mongodb.net:27017 to client view of cluster
2026-05-24 21:04:38 [cluster-ClusterId{value='6a131a8d6cf2c137c1b70265', description='null'}-srv-cluster0.7zsqiuv.mongodb.net] INFO  org.mongodb.driver.cluster - Adding discovered server ac-ipildno-shard-00-00.7zsqiuv.mongodb.net:27017 to client view of cluster
2026-05-24 21:04:38 [cluster-ClusterId{value='6a131a8d6cf2c137c1b70265', description='null'}-srv-cluster0.7zsqiuv.mongodb.net] INFO  org.mongodb.driver.cluster - Adding discovered server ac-ipildno-shard-00-02.7zsqiuv.mongodb.net:27017 to client view of cluster
2026-05-24 21:04:38 [main] INFO  org.mongodb.driver.cluster - No server chosen by WritableServerSelector from cluster description ClusterDescription{type=REPLICA_SET, connectionMode=MULTIPLE, serverDescriptions=[ServerDescription{address=ac-ipildno-shard-00-02.7zsqiuv.mongodb.net:27017, type=UNKNOWN, state=CONNECTING}, ServerDescription{address=ac-ipildno-shard-00-00.7zsqiuv.mongodb.net:27017, type=UNKNOWN, state=CONNECTING}, ServerDescription{address=ac-ipildno-shard-00-01.7zsqiuv.mongodb.net:27017, type=UNKNOWN, state=CONNECTING}]}. Waiting for 30000 ms before timing out
2026-05-24 21:04:39 [cluster-ClusterId{value='6a131a8d6cf2c137c1b70265', description='null'}-ac-ipildno-shard-00-02.7zsqiuv.mongodb.net:27017] INFO  org.mongodb.driver.cluster - Monitor thread successfully connected to server with description ServerDescription{address=ac-ipildno-shard-00-02.7zsqiuv.mongodb.net:27017, type=REPLICA_SET_PRIMARY, state=CONNECTED, ok=true, minWireVersion=0, maxWireVersion=25, maxDocumentSize=16777216, logicalSessionTimeoutMinutes=30, roundTripTimeNanos=526963100, setName='atlas-bc7sz8-shard-0', canonicalAddress=ac-ipildno-shard-00-02.7zsqiuv.mongodb.net:27017, hosts=[ac-ipildno-shard-00-02.7zsqiuv.mongodb.net:27017, ac-ipildno-shard-00-01.7zsqiuv.mongodb.net:27017, ac-ipildno-shard-00-00.7zsqiuv.mongodb.net:27017], passives=[], arbiters=[], primary='ac-ipildno-shard-00-02.7zsqiuv.mongodb.net:27017', tagSet=TagSet{[Tag{name='availabilityZone', value='aps1-az2'}, Tag{name='cacheState', value='READY'}, Tag{name='diskState', value='READY'}, Tag{name='nodeType', value='ELECTABLE'}, Tag{name='provider', value='AWS'}, Tag{name='region', value='AP_SOUTH_1'}, Tag{name='workloadType', value='OPERATIONAL'}]}, electionId=7fffffff00000000000002ca, setVersion=195, topologyVersion=TopologyVersion{processId=6a11d4f654d1733c139e43e3, counter=6}, lastWriteDate=Sun May 24 21:04:30 IST 2026, lastUpdateTimeNanos=449108993300}
2026-05-24 21:04:39 [cluster-ClusterId{value='6a131a8d6cf2c137c1b70265', description='null'}-ac-ipildno-shard-00-00.7zsqiuv.mongodb.net:27017] INFO  org.mongodb.driver.cluster - Monitor thread successfully connected to server with description ServerDescription{address=ac-ipildno-shard-00-00.7zsqiuv.mongodb.net:27017, type=REPLICA_SET_SECONDARY, state=CONNECTED, ok=true, minWireVersion=0, maxWireVersion=25, maxDocumentSize=16777216, logicalSessionTimeoutMinutes=30, roundTripTimeNanos=526811300, setName='atlas-bc7sz8-shard-0', canonicalAddress=ac-ipildno-shard-00-00.7zsqiuv.mongodb.net:27017, hosts=[ac-ipildno-shard-00-02.7zsqiuv.mongodb.net:27017, ac-ipildno-shard-00-01.7zsqiuv.mongodb.net:27017, ac-ipildno-shard-00-00.7zsqiuv.mongodb.net:27017], passives=[], arbiters=[], primary='ac-ipildno-shard-00-02.7zsqiuv.mongodb.net:27017', tagSet=TagSet{[Tag{name='availabilityZone', value='aps1-az1'}, Tag{name='cacheState', value='READY'}, Tag{name='diskState', value='READY'}, Tag{name='nodeType', value='ELECTABLE'}, Tag{name='provider', value='AWS'}, Tag{name='region', value='AP_SOUTH_1'}, Tag{name='workloadType', value='OPERATIONAL'}]}, electionId=null, setVersion=195, topologyVersion=TopologyVersion{processId=6a11d224b877d25a4d507e92, counter=5}, lastWriteDate=Sun May 24 21:04:30 IST 2026, lastUpdateTimeNanos=449108799700}
2026-05-24 21:04:39 [cluster-ClusterId{value='6a131a8d6cf2c137c1b70265', description='null'}-ac-ipildno-shard-00-01.7zsqiuv.mongodb.net:27017] INFO  org.mongodb.driver.cluster - Monitor thread successfully connected to server with description ServerDescription{address=ac-ipildno-shard-00-01.7zsqiuv.mongodb.net:27017, type=REPLICA_SET_SECONDARY, state=CONNECTED, ok=true, minWireVersion=0, maxWireVersion=25, maxDocumentSize=16777216, logicalSessionTimeoutMinutes=30, roundTripTimeNanos=444358900, setName='atlas-bc7sz8-shard-0', canonicalAddress=ac-ipildno-shard-00-01.7zsqiuv.mongodb.net:27017, hosts=[ac-ipildno-shard-00-02.7zsqiuv.mongodb.net:27017, ac-ipildno-shard-00-01.7zsqiuv.mongodb.net:27017, ac-ipildno-shard-00-00.7zsqiuv.mongodb.net:27017], passives=[], arbiters=[], primary='ac-ipildno-shard-00-02.7zsqiuv.mongodb.net:27017', tagSet=TagSet{[Tag{name='availabilityZone', value='aps1-az3'}, Tag{name='cacheState', value='READY'}, Tag{name='diskState', value='READY'}, Tag{name='nodeType', value='ELECTABLE'}, Tag{name='provider', value='AWS'}, Tag{name='region', value='AP_SOUTH_1'}, Tag{name='workloadType', value='OPERATIONAL'}]}, electionId=null, setVersion=195, topologyVersion=TopologyVersion{processId=6a11d7e0e594f0dd8db05c60, counter=3}, lastWriteDate=Sun May 24 21:04:30 IST 2026, lastUpdateTimeNanos=449108894600}
2026-05-24 21:04:39 [cluster-ClusterId{value='6a131a8d6cf2c137c1b70265', description='null'}-ac-ipildno-shard-00-02.7zsqiuv.mongodb.net:27017] INFO  org.mongodb.driver.cluster - Discovered replica set primary ac-ipildno-shard-00-02.7zsqiuv.mongodb.net:27017 with max election id 7fffffff00000000000002ca and max set version 195
2026-05-24 21:04:40 [main] INFO  o.s.s.web.DefaultSecurityFilterChain - Will secure any request with [org.springframework.security.web.session.DisableEncodeUrlFilter@7848321e, org.springframework.security.web.context.request.async.WebAsyncManagerIntegrationFilter@f4f843f, org.springframework.security.web.context.SecurityContextHolderFilter@5aa6da2, org.springframework.security.web.header.HeaderWriterFilter@bb12f41, org.springframework.web.filter.CorsFilter@7b5833ee, org.springframework.security.web.authentication.logout.LogoutFilter@194911c1, org.springframework.security.web.authentication.www.BasicAuthenticationFilter@297bd171, org.springframework.security.web.savedrequest.RequestCacheAwareFilter@13908f9c, org.springframework.security.web.servletapi.SecurityContextHolderAwareRequestFilter@329b331f, org.springframework.security.web.authentication.AnonymousAuthenticationFilter@1e471884, org.springframework.security.web.session.SessionManagementFilter@5c8b10b4, org.springframework.security.web.access.ExceptionTranslationFilter@625264ed, org.springframework.security.web.access.intercept.AuthorizationFilter@4afdfc0f]
2026-05-24 21:04:40 [main] INFO  o.a.coyote.http11.Http11NioProtocol - Starting ProtocolHandler ["http-nio-8080"]
2026-05-24 21:04:40 [main] INFO  o.s.b.w.e.tomcat.TomcatWebServer - Tomcat started on port 8080 (http) with context path ''
2026-05-24 21:04:40 [main] INFO  com.tanuj.Spring.Boot.Application - Started Application in 4.324 seconds (process running for 4.714)
2026-05-24 21:04:51 [http-nio-8080-exec-1] INFO  o.a.c.c.C.[Tomcat].[localhost].[/] - Initializing Spring DispatcherServlet 'dispatcherServlet'
2026-05-24 21:04:51 [http-nio-8080-exec-1] INFO  o.s.web.servlet.DispatcherServlet - Initializing Servlet 'dispatcherServlet'
2026-05-24 21:04:51 [http-nio-8080-exec-1] INFO  o.s.web.servlet.DispatcherServlet - Completed initialization in 1 ms
